id,name,system
346548031,ac-library,aarch64-darwin
346778199,actual-server,aarch64-darwin
346548326,aerogramme,aarch64-linux
346548328,aerogramme,x86_64-linux
346548615,akkoma-admin-fe,aarch64-linux
346548617,akkoma-admin-fe,x86_64-linux
346549899,amnezia-vpn-bin,x86_64-linux
346550005,android-mic,aarch64-linux
346550660,apt-cacher-ng,aarch64-linux
346550655,apt-cacher-ng,x86_64-linux
346817612,arc-theme,aarch64-linux
346817609,arc-theme,x86_64-linux
346550738,archivemount,aarch64-darwin
346551636,ath9k-htc-blobless-firmware,aarch64-linux
346551651,atinout,aarch64-linux
346551642,atinout,x86_64-linux
346551676,atmos,aarch64-darwin
346817732,atopile,aarch64-linux
346817715,atopile,x86_64-linux
346817757,auto-editor,aarch64-darwin
346817748,auto-editor,aarch64-linux
346817750,auto-editor,x86_64-linux
346552066,avro-cpp,aarch64-linux
346552058,avro-cpp,x86_64-linux
346817787,aws-encryption-sdk-cli,aarch64-darwin
346817790,aws-encryption-sdk-cli,aarch64-linux
346817789,aws-encryption-sdk-cli,x86_64-linux
346871945,aws-sam-cli,aarch64-darwin
346552227,ax25-tools,aarch64-linux
346552241,ax25-tools,x86_64-linux
346817812,ayatana-indicator-datetime,aarch64-linux
346817807,ayatana-indicator-power,aarch64-linux
346817811,ayatana-indicator-session,aarch64-linux
346790338,azahar,aarch64-darwin
346552270,azmq,aarch64-darwin
346552294,azure-cli-extensions.acrcssc,aarch64-darwin
346552308,azure-cli-extensions.acrcssc,aarch64-linux
346552311,azure-cli-extensions.acrcssc,x86_64-linux
346790345,azure-cli-extensions.aksarc,aarch64-darwin
346817816,azure-cli-extensions.aksarc,aarch64-linux
346817819,azure-cli-extensions.aksarc,x86_64-linux
346552323,azure-cli-extensions.alias,aarch64-darwin
346552326,azure-cli-extensions.alias,aarch64-linux
346552339,azure-cli-extensions.alias,x86_64-linux
346552331,azure-cli-extensions.aosm,aarch64-darwin
346552333,azure-cli-extensions.aosm,aarch64-linux
346552337,azure-cli-extensions.aosm,x86_64-linux
346790343,azure-cli-extensions.arcappliance,aarch64-darwin
346817822,azure-cli-extensions.arcappliance,aarch64-linux
346817820,azure-cli-extensions.arcappliance,x86_64-linux
346790346,azure-cli-extensions.arcdata,aarch64-darwin
346817823,azure-cli-extensions.arcdata,aarch64-linux
346817829,azure-cli-extensions.arcdata,x86_64-linux
346552360,azure-cli-extensions.attestation,aarch64-darwin
346552361,azure-cli-extensions.attestation,aarch64-linux
346552385,azure-cli-extensions.attestation,x86_64-linux
346790348,azure-cli-extensions.cloud-service,aarch64-darwin
346817828,azure-cli-extensions.cloud-service,aarch64-linux
346817827,azure-cli-extensions.cloud-service,x86_64-linux
346790351,azure-cli-extensions.connectedk8s,aarch64-darwin
346817833,azure-cli-extensions.connectedk8s,aarch64-linux
346817830,azure-cli-extensions.connectedk8s,x86_64-linux
346790350,azure-cli-extensions.containerapp,aarch64-darwin
346817832,azure-cli-extensions.containerapp,aarch64-linux
346817831,azure-cli-extensions.containerapp,x86_64-linux
346552619,azure-cli-extensions.k8s-configuration,aarch64-darwin
346552618,azure-cli-extensions.k8s-configuration,aarch64-linux
346552620,azure-cli-extensions.k8s-configuration,x86_64-linux
346790354,azure-cli-extensions.k8s-extension,aarch64-darwin
346817835,azure-cli-extensions.k8s-extension,aarch64-linux
346817834,azure-cli-extensions.k8s-extension,x86_64-linux
346552758,azure-cli-extensions.redisenterprise,aarch64-darwin
346552760,azure-cli-extensions.redisenterprise,aarch64-linux
346552757,azure-cli-extensions.redisenterprise,x86_64-linux
346552784,azure-cli-extensions.serial-console,aarch64-darwin
346552812,azure-cli-extensions.serial-console,aarch64-linux
346552785,azure-cli-extensions.serial-console,x86_64-linux
346552808,azure-cli-extensions.stack-hci-vm,aarch64-darwin
346552804,azure-cli-extensions.stack-hci-vm,aarch64-linux
346552805,azure-cli-extensions.stack-hci-vm,x86_64-linux
346552872,azure-cli-extensions.webpubsub,aarch64-darwin
346552877,azure-cli-extensions.webpubsub,aarch64-linux
346552884,azure-cli-extensions.webpubsub,x86_64-linux
346552908,azure-sdk-for-cpp.core-amqp,aarch64-linux
346552972,azure-sdk-for-cpp.core-amqp,x86_64-linux
346552940,azure-sdk-for-cpp.security-attestation,aarch64-linux
346552934,azure-sdk-for-cpp.security-attestation,x86_64-linux
347064088,barman,aarch64-darwin
346553192,barracuda,x86_64-linux
346553467,beadwork,aarch64-linux
346790471,beanhub-cli,aarch64-darwin
346818026,beanhub-cli,aarch64-linux
346818034,beanhub-cli,x86_64-linux
346553966,beanstalkd,aarch64-darwin
346554066,bender,aarch64-linux
346554059,bender,x86_64-linux
346554194,bibletime,aarch64-linux
346554195,bibletime,x86_64-linux
346554231,biglybt,aarch64-darwin
346554733,bngblaster,aarch64-linux
346554747,bochs,aarch64-darwin
346554995,boulder,aarch64-darwin
346555088,breakpad,aarch64-linux
346555089,breakpad,x86_64-linux
346555123,brial,aarch64-linux
346555115,brial,x86_64-linux
346818169,brlcad,aarch64-linux
346818168,brlcad,x86_64-linux
346555406,bugdom,aarch64-darwin
346779312,buildstream,aarch64-linux
346555597,bumblebee-status,aarch64-linux
346555617,bumblebee-status,x86_64-linux
346555795,c3c,aarch64-darwin
346818261,cadabra2,aarch64-linux
346790554,caffe,aarch64-darwin
346790557,caffe,aarch64-linux
346555869,caffe,x86_64-linux
346818290,calibre-no-speech,aarch64-linux
346556029,canokey-usbip,aarch64-linux
346556038,canokey-usbip,x86_64-linux
346790583,capa,aarch64-darwin
346883507,cargo-generate,aarch64-darwin
346556581,casacore,aarch64-darwin
346556587,casacore,aarch64-linux
346556591,casacore,x86_64-linux
346818357,cataclysm-dda-git,aarch64-linux
346818356,cataclysm-dda-git,x86_64-linux
346818360,cataclysm-dda,aarch64-linux
346818359,cataclysm-dda,x86_64-linux
346556784,cbmbasic,aarch64-darwin
346556780,cbmc,aarch64-linux
346556787,cbmc,x86_64-linux
346818391,cdogs-sdl,aarch64-linux
346818393,cdogs-sdl,x86_64-linux
346872025,ceph-client,x86_64-linux
346872024,ceph-dev,x86_64-linux
346872023,ceph,x86_64-linux
346557041,cernlib,aarch64-linux
346557043,cernlib,x86_64-linux
346818441,chatty,aarch64-linux
346818447,chatty,x86_64-linux
346557905,chickenPackages_5.chickenEggs.fusion-arrays,aarch64-darwin
346558100,chickenPackages_5.chickenEggs.hypergiant,aarch64-darwin
346558131,chickenPackages_5.chickenEggs.libyaml,aarch64-darwin
346558133,chickenPackages_5.chickenEggs.libyaml,aarch64-linux
346560104,chipsec,aarch64-darwin
346560110,chipsec,aarch64-linux
346560103,chipsec,x86_64-linux
346560323,circus,aarch64-linux
346560592,clickhouse-lts,aarch64-linux
346560577,clickhouse-lts,x86_64-linux
346560566,clickhouse,aarch64-linux
346560573,clickhouse,x86_64-linux
346560602,clightning,aarch64-linux
346560596,clightning,x86_64-linux
346560613,clipboard-jh,aarch64-linux
346560679,clipboard-jh,x86_64-linux
346560629,clipcat,aarch64-darwin
346561108,cocom-tool-set,aarch64-darwin
346790713,contour,aarch64-darwin
346818645,contour,aarch64-linux
346818644,contour,x86_64-linux
346562246,coredns,aarch64-darwin
346790744,corrscope,aarch64-darwin
346562385,cosmopolitan,x86_64-linux
346818744,credsweeper,aarch64-linux
346562918,csol,aarch64-darwin
346563114,cups-dymo,aarch64-darwin
346563277,cxxtools,aarch64-linux
346563286,cxxtools,x86_64-linux
346818835,daikhan,aarch64-linux
346818836,daikhan,x86_64-linux
346563561,dart_frog_cli,aarch64-linux
346563542,dart_frog_cli,x86_64-linux
346790794,dartsim,aarch64-linux
346790813,dartsim,x86_64-linux
346563596,dasher,aarch64-darwin
346779494,dbcsr,x86_64-linux
346563722,dbqn-native,x86_64-linux
346872110,devenv,x86_64-linux
346779517,dgop,aarch64-darwin
346779516,dgop,aarch64-linux
346564484,digibyte,aarch64-linux
346564479,digibyte,x86_64-linux
346564535,diod,aarch64-linux
346564538,diod,x86_64-linux
346819011,directfb,aarch64-linux
346819013,directfb,x86_64-linux
346790870,discordchatexporter-desktop,aarch64-darwin
346564690,distant,aarch64-linux
346564799,dleyna,aarch64-darwin
346564846,dmrconfig,aarch64-linux
346564848,dmrconfig,x86_64-linux
346564925,dnslink-std-go,aarch64-darwin
346565862,dovecot_pigeonhole,aarch64-darwin
346565861,dovecot_pigeonhole_2_4,aarch64-darwin
346566120,dt-schema,aarch64-linux
346566142,dt-schema,x86_64-linux
346791021,dyndnsc,aarch64-darwin
346819169,dyndnsc,aarch64-linux
346819170,dyndnsc,x86_64-linux
346566473,e57inspector,aarch64-linux
346566455,e57inspector,x86_64-linux
346566583,ecapture,aarch64-linux
346566576,ecapture,x86_64-linux
346566859,eggnog-mapper,aarch64-darwin
346566922,ela-widget-tools,aarch64-darwin
346819280,electrum,aarch64-darwin
346567114,elmPackages.elm-doc-preview,aarch64-darwin
346567121,elmPackages.elm-doc-preview,aarch64-linux
346567119,elmPackages.elm-doc-preview,x86_64-linux
346567237,elmPackages.elm-graphql,aarch64-darwin
346567205,elmPackages.elm-graphql,aarch64-linux
346567248,elmPackages.elm-graphql,x86_64-linux
346567128,elmPackages.elm-wrap,aarch64-darwin
346567149,elpa,aarch64-linux
346779693,elpa,x86_64-linux
346791082,emborg,aarch64-darwin
346819312,emborg,aarch64-linux
346819315,emborg,x86_64-linux
346567256,emiluaPlugins.qt6,aarch64-linux
346567266,emiluaPlugins.qt6,x86_64-linux
346567278,emmy-lua-code-style,aarch64-darwin
346567315,empserver,aarch64-linux
346819337,empty-epsilon,aarch64-linux
346819324,empty-epsilon,x86_64-linux
346819325,enca,aarch64-linux
346567439,enroot,aarch64-linux
346567460,enroot,x86_64-linux
346819379,equalx,aarch64-darwin
346567625,ergoscf,aarch64-linux
346567628,ergoscf,x86_64-linux
346819386,errbot,aarch64-linux
346567743,ete-unwrapped,aarch64-darwin
346819401,ete-unwrapped,aarch64-linux
346567753,eternal-terminal,aarch64-linux
346567755,eternal-terminal,x86_64-linux
346567789,etterna,aarch64-linux
346567805,etterna,x86_64-linux
346567905,exatorrent,aarch64-darwin
346567906,excalidraw_export,aarch64-linux
346567916,excalidraw_export,x86_64-linux
346567937,exfat,aarch64-darwin
346568185,factplusplus,aarch64-linux
346568178,factplusplus,x86_64-linux
346791137,fancy-cat,aarch64-darwin
346568356,fastdds,aarch64-linux
346819520,fawltydeps,aarch64-linux
346568489,fbv,aarch64-darwin
346568588,fcron,aarch64-darwin
346568611,fdt-viewer,aarch64-darwin
346819538,feather,aarch64-linux
346819539,feather,x86_64-linux
346568640,fedimint,aarch64-linux
346568643,fedimint,x86_64-linux
346568731,ferrishot,aarch64-darwin
346791175,ffmpeg-livepeer,aarch64-darwin
346819608,filen-desktop,aarch64-linux
346819614,filen-desktop,x86_64-linux
346883623,fittrackee,x86_64-linux
346569400,flame,aarch64-darwin
346791254,flet-client-flutter,aarch64-darwin
346569545,flex-launcher,aarch64-darwin
346819684,flexget,aarch64-darwin
346569568,flightcore,aarch64-darwin
346819711,fluux-messenger,aarch64-linux
346791272,ford,aarch64-darwin
346570101,fortitude,aarch64-darwin
346570143,foundationdb,aarch64-linux
346570150,foundationdb,x86_64-linux
346570171,foxotron,aarch64-linux
346570165,foxotron,x86_64-linux
346570339,freebsd.makeMinimal,aarch64-darwin
346570337,freebsd.mtree,aarch64-linux
346570358,freebsd.mtree,x86_64-linux
346570383,freebsd.xf86-video-scfb,aarch64-darwin
346570346,freebsd.xf86-video-scfb,aarch64-linux
346570361,freebsd.xf86-video-scfb,x86_64-linux
346570418,freepv,aarch64-darwin
346570448,freeswitch,aarch64-linux
346570430,freeswitch,x86_64-linux
346570609,fsnav,aarch64-linux
346570607,fsnav,x86_64-linux
346819879,fsuae,x86_64-linux
346570775,fwup,aarch64-darwin
346570781,fwup,aarch64-linux
346570778,fwup,x86_64-linux
346570827,g15daemon,aarch64-darwin
346570842,g2o,aarch64-linux
346570837,g2o,x86_64-linux
346571131,gawkextlib.select,aarch64-darwin
346571226,gccNGPackages.gcc-unwrapped,aarch64-darwin
346571288,gccNGPackages_15.gcc-unwrapped,aarch64-darwin
346571360,gccNGPackages_16.gcc-unwrapped,aarch64-darwin
346571568,gdbuspp,aarch64-linux
346571527,gdbuspp,x86_64-linux
346791330,gdcm,aarch64-darwin
346819972,gdcm,aarch64-linux
346819968,gdcm,x86_64-linux
346571790,gerbera,aarch64-linux
346571791,gerbera,x86_64-linux
346571894,gfal2,aarch64-linux
346571935,gfal2,x86_64-linux
346572121,ghidra-extensions.gnudisassembler,aarch64-linux
346572144,ghidra-extensions.gnudisassembler,x86_64-linux
346791384,gimme-aws-creds,aarch64-darwin
346820072,gimme-aws-creds,aarch64-linux
346820069,gimme-aws-creds,x86_64-linux
346779864,git-annex,aarch64-darwin
346779863,git-annex,aarch64-linux
346779862,git-annex,x86_64-linux
346572603,git-privacy,aarch64-darwin
346572610,git-privacy,aarch64-linux
346572612,git-privacy,x86_64-linux
346572796,gitbeaker-cli,aarch64-linux
346572834,gitcomet,aarch64-linux
346572995,gittype,x86_64-linux
346820188,glances,aarch64-linux
346573197,globus-cli,aarch64-darwin
346573198,globus-cli,aarch64-linux
346573202,globus-cli,x86_64-linux
346573539,gnat16Packages.gpr2,aarch64-linux
346573494,gnat16Packages.gpr2,x86_64-linux
346573540,gnatPackages.gpr2,aarch64-linux
346573529,gnatPackages.gpr2,x86_64-linux
346820383,gnudatalanguage,aarch64-linux
346577184,goawk,aarch64-linux
346820533,golly,aarch64-linux
346820532,golly,x86_64-linux
347064872,goobook,aarch64-darwin
346872222,goobook,aarch64-linux
346872224,goobook,x86_64-linux
346577680,google-amber,aarch64-linux
346577700,google-amber,x86_64-linux
346577992,goxel,aarch64-linux
346577993,goxel,x86_64-linux
346578002,goxlr-utility,aarch64-darwin
346578096,gprolog,aarch64-darwin
347064881,gqrx-gr-audio,aarch64-darwin
347064882,gqrx-portaudio,aarch64-darwin
347064880,gqrx,aarch64-darwin
346578207,graalvmPackages.graalvm-ce-musl,x86_64-linux
346578233,gradm,aarch64-linux
346578380,grafx2,aarch64-darwin
346578403,grantlee,aarch64-linux
346578410,grantlee,x86_64-linux
346578421,graphene-hardened-malloc,aarch64-linux
346578422,graphene-hardened-malloc,x86_64-linux
346820649,grass,aarch64-linux
346820651,grass,x86_64-linux
346791605,greenbone-feed-sync,aarch64-darwin
346578675,groestlcoin,aarch64-darwin
346578694,groestlcoin,aarch64-linux
346578668,groestlcoin,x86_64-linux
346578676,groestlcoind,aarch64-darwin
346578680,groestlcoind,aarch64-linux
346578671,groestlcoind,x86_64-linux
346579234,gummy,aarch64-linux
346579215,gummy,x86_64-linux
346579454,halfempty,aarch64-darwin
346579495,handlr-regex,aarch64-linux
346579520,handlr-regex,x86_64-linux
346579498,handlr,aarch64-darwin
346579499,handlr,aarch64-linux
346579508,handlr,x86_64-linux
346579593,hashcash,aarch64-darwin
346579658,haskell.compiler.ghc94,aarch64-linux
346579683,haskell.compiler.ghc94,x86_64-linux
346579657,haskell.compiler.ghc948,aarch64-linux
346579684,haskell.compiler.ghc948,x86_64-linux
346579707,haskell.compiler.native-bignum.ghc94,aarch64-linux
346579708,haskell.compiler.native-bignum.ghc94,x86_64-linux
346579710,haskell.compiler.native-bignum.ghc948,aarch64-linux
346579711,haskell.compiler.native-bignum.ghc948,x86_64-linux
346579798,haskellPackages.AppleScript,aarch64-darwin
346580067,haskellPackages.GOST34112012-Hash,aarch64-darwin
346580079,haskellPackages.GOST34112012-Hash,aarch64-linux
346580239,haskellPackages.HsHTSLib,aarch64-darwin
346582316,haskellPackages.aoc,aarch64-darwin
346583014,haskellPackages.binaryen,aarch64-linux
346582998,haskellPackages.binaryen,x86_64-linux
346583355,haskellPackages.botan-low,aarch64-linux
346583547,haskellPackages.bytestring-encoding,aarch64-darwin
346584734,haskellPackages.copilot-c99,aarch64-darwin
346584830,haskellPackages.cpython,aarch64-linux
346585687,haskellPackages.diagrams-pandoc,aarch64-linux
346883714,haskellPackages.distributed-process-supervisor,aarch64-darwin
346586427,haskellPackages.epub-metadata,aarch64-darwin
346586417,haskellPackages.error-codes,aarch64-darwin
346586795,haskellPackages.eventlog-live-otelcol,aarch64-darwin
346586782,haskellPackages.eventlog-live-otelcol,aarch64-linux
346586634,haskellPackages.eventlog-live-otelcol,x86_64-linux
346586571,haskellPackages.executable-hash,aarch64-darwin
346586578,haskellPackages.exinst-base,aarch64-darwin
346587139,haskellPackages.freetype2,aarch64-darwin
346587140,haskellPackages.freetype2,aarch64-linux
346587557,haskellPackages.genvalidity-dirforest,aarch64-darwin
346587908,haskellPackages.gi-gdkx113,aarch64-darwin
346587907,haskellPackages.gi-gdkx114,aarch64-darwin
346587905,haskellPackages.gi-gst,aarch64-darwin
346587906,haskellPackages.gi-gst,aarch64-linux
346587915,haskellPackages.gi-gst,x86_64-linux
346587938,haskellPackages.gi-gtkosxapplication,aarch64-darwin
346588001,haskellPackages.gi-soup3,aarch64-darwin
346780028,haskellPackages.git-annex,aarch64-darwin
346780027,haskellPackages.git-annex,aarch64-linux
346780026,haskellPackages.git-annex,x86_64-linux
346588895,haskellPackages.gtk-mac-integration,aarch64-darwin
346588926,haskellPackages.gtk-traymanager,aarch64-darwin
346588922,haskellPackages.gtk3-mac-integration,aarch64-darwin
346589065,haskellPackages.hamid,aarch64-darwin
346589430,haskellPackages.hcwiid,aarch64-linux
346589412,haskellPackages.hcwiid,x86_64-linux
346589515,haskellPackages.heftia-effects,aarch64-darwin
346589502,haskellPackages.heph-aligned-storable,aarch64-darwin
346589664,haskellPackages.highlight,aarch64-darwin
346589755,haskellPackages.hlibgit2,aarch64-linux
346590658,haskellPackages.huckleberry,aarch64-darwin
346590688,haskellPackages.hunspell-hs,aarch64-darwin
346590745,haskellPackages.hw-ip,aarch64-darwin
346590790,haskellPackages.hw-ip,aarch64-linux
346590730,haskellPackages.hw-ip,x86_64-linux
346590726,haskellPackages.hw-json-simd,aarch64-darwin
346590702,haskellPackages.hw-json-simd,aarch64-linux
346590723,haskellPackages.hw-streams,aarch64-darwin
346590796,haskellPackages.hw-streams,aarch64-linux
346590742,haskellPackages.hw-streams,x86_64-linux
346590950,haskellPackages.ihp-ide,aarch64-darwin
346590960,haskellPackages.ihp-ide,aarch64-linux
346590961,haskellPackages.ihp-ide,x86_64-linux
346590990,haskellPackages.implicit,aarch64-darwin
346591738,haskellPackages.kqueue,aarch64-darwin
346592147,haskellPackages.libtorch-ffi,aarch64-darwin
346592379,haskellPackages.llvm-tf,aarch64-darwin
346592855,haskellPackages.memcache,aarch64-darwin
346592889,haskellPackages.memzero,aarch64-darwin
346593070,haskellPackages.minici,aarch64-darwin
346593101,haskellPackages.miso-examples,aarch64-linux
346593131,haskellPackages.miso-examples,x86_64-linux
346593207,haskellPackages.monad-bayes,x86_64-linux
346593863,haskellPackages.network-can,aarch64-darwin
346791670,haskellPackages.nix-serve-ng,aarch64-darwin
346820866,haskellPackages.nix-serve-ng,aarch64-linux
346883744,haskellPackages.om-socket,aarch64-darwin
346594325,haskellPackages.om-time,aarch64-darwin
346594992,haskellPackages.pdftotext,aarch64-darwin
346594995,haskellPackages.pdftotext,aarch64-linux
346594987,haskellPackages.pdftotext,x86_64-linux
346595003,haskellPackages.perceptual-hash,aarch64-darwin
346595054,haskellPackages.persistent-pagination,aarch64-darwin
346595155,haskellPackages.ping-wrapper,aarch64-darwin
346595232,haskellPackages.pipes-zlib,aarch64-darwin
346595436,haskellPackages.posix-socket,aarch64-darwin
346595430,haskellPackages.posix-timer,aarch64-darwin
346595437,haskellPackages.posix-waitpid,aarch64-darwin
346595952,haskellPackages.pthread,aarch64-darwin
346596327,haskellPackages.rawfilepath,aarch64-darwin
346596357,haskellPackages.rdtsc-enolan,aarch64-darwin
346596349,haskellPackages.rdtsc-enolan,aarch64-linux
346596350,haskellPackages.rdtsc,aarch64-darwin
346596362,haskellPackages.rdtsc,aarch64-linux
346597265,haskellPackages.scientist,aarch64-darwin
346597276,haskellPackages.sdl2-cairo,aarch64-darwin
346820882,haskellPackages.sdl2-mixer,aarch64-linux
346820881,haskellPackages.sdl2-mixer,x86_64-linux
346597298,haskellPackages.select,aarch64-darwin
346597633,haskellPackages.sha256,aarch64-darwin
346597821,haskellPackages.simdutf,aarch64-linux
346598197,haskellPackages.socket,aarch64-darwin
346598621,haskellPackages.store,aarch64-darwin
346599078,haskellPackages.system-linux-proc,aarch64-darwin
346599162,haskellPackages.tailfile-hinotify,aarch64-darwin
346599416,haskellPackages.termbox-bindings-c,aarch64-darwin
346599896,haskellPackages.timeout-snooze,aarch64-darwin
346600051,haskellPackages.token-limiter-concurrent,aarch64-linux
346600190,haskellPackages.trexio-hs,aarch64-darwin
346601170,haskellPackages.vulkan-utils,x86_64-linux
346601235,haskellPackages.wai-middleware-metrics,aarch64-darwin
346601279,haskellPackages.wai-token-bucket-ratelimiter,aarch64-linux
346601280,haskellPackages.wai-token-bucket-ratelimiter,x86_64-linux
346601658,haskellPackages.xgboost-haskell,x86_64-linux
346601718,haskellPackages.xls,aarch64-darwin
346601746,haskellPackages.xmonad-utils,aarch64-darwin
346602136,haskellPackages.zlib-bytes,aarch64-darwin
346602166,haskellPackages.zot,aarch64-darwin
346602558,herdr,aarch64-linux
346602556,herdr,x86_64-linux
346602584,hexagonrpc,aarch64-darwin
346602654,hgrep,aarch64-linux
346602708,highlight-assertions,aarch64-linux
346602716,highlight-assertions,x86_64-linux
346602749,hime,aarch64-linux
346602768,hime,x86_64-linux
347065007,home-assistant-custom-components.moonraker,x86_64-linux
347064950,home-assistant-custom-components.pirate-weather,x86_64-linux
346603481,htmlcxx,aarch64-linux
346603473,htmlcxx,x86_64-linux
346603546,httpstat,aarch64-darwin
346603549,httpstat,aarch64-linux
346603544,httpstat,x86_64-linux
346872281,hyprlandPlugins.hyprgrass,aarch64-linux
346872291,hyprlandPlugins.hyprgrass,x86_64-linux
346872284,hyprlandPlugins.hyprspace,aarch64-linux
346872285,hyprlandPlugins.hyprspace,x86_64-linux
346872287,hyprlandPlugins.hyprsplit,aarch64-linux
346872289,hyprlandPlugins.hyprsplit,x86_64-linux
346872296,hyprlandPlugins.imgborders,aarch64-linux
346872311,hyprlandPlugins.imgborders,x86_64-linux
346604956,icesprog,aarch64-darwin
346604990,icinga2,aarch64-linux
346604967,icinga2,x86_64-linux
346605043,iconpack-jade,aarch64-linux
346605030,iconpack-jade,x86_64-linux
346605094,id3,aarch64-darwin
346605235,idrisPackages.config,aarch64-darwin
346605198,idrisPackages.eternal,aarch64-darwin
346605274,idrisPackages.mhd,aarch64-darwin
346605282,idrisPackages.pacman,aarch64-darwin
346821207,ieda,aarch64-linux
346821212,ieda,x86_64-linux
346605476,iio-oscilloscope,aarch64-linux
346605493,iio-oscilloscope,x86_64-linux
346605550,imageworsener,aarch64-linux
346605546,imageworsener,x86_64-linux
346821289,inochi-creator,aarch64-linux
346821294,inochi-creator,x86_64-linux
346606081,intel-compute-runtime-legacy1,x86_64-linux
346606050,intel-graphics-compiler,aarch64-linux
346606048,intelli-shell,aarch64-darwin
346791817,intensity-normalization,aarch64-darwin
346821314,intensity-normalization,aarch64-linux
346821315,intensity-normalization,x86_64-linux
346821329,ioq3-scion,aarch64-linux
346821323,ioq3-scion,x86_64-linux
346606173,ios-webkit-debug-proxy,aarch64-linux
346606176,ios-webkit-debug-proxy,x86_64-linux
346821363,ipe,aarch64-linux
346821364,ipe,x86_64-linux
346606403,irods,aarch64-linux
346606402,irods,x86_64-linux
346821400,irrd,aarch64-linux
346821413,irrd,x86_64-linux
346606725,jarl,aarch64-darwin
346606817,jaspr_cli,aarch64-linux
346606823,jaspr_cli,x86_64-linux
346606738,jasterix,aarch64-darwin
346606894,jbofihe,aarch64-darwin
346607022,jerryscript,x86_64-linux
346791884,jetuml,aarch64-darwin
346791892,jj-pre-push,aarch64-darwin
346821489,jogger,aarch64-linux
346821488,jogger,x86_64-linux
346607562,jtdx,aarch64-linux
346607567,jtdx,x86_64-linux
346883808,julia-stable,aarch64-darwin
346883809,julia,aarch64-darwin
346883827,julia_110,aarch64-darwin
346883832,julia_110,x86_64-linux
346883840,julia_111-bin,aarch64-darwin
346883841,julia_111,aarch64-darwin
346883834,julia_112-bin,x86_64-linux
346883826,julia_113,aarch64-darwin
346609011,kdePackages.maplibre-native-qt,aarch64-linux
346608922,kdePackages.maplibre-native-qt,x86_64-linux
346822347,keeperrl,x86_64-linux
346609450,ketch,aarch64-darwin
346609765,key,aarch64-darwin
346609666,kind2,aarch64-linux
346609670,kind2,x86_64-linux
346609686,kingfisher,aarch64-linux
346609680,kingfisher,x86_64-linux
346610010,kodiPackages.plex-for-kodi,aarch64-darwin
346610239,kopuz,aarch64-darwin
346610222,kord,aarch64-linux
346610229,kord,x86_64-linux
346610399,ktx-tools,aarch64-linux
346610400,ktx-tools,x86_64-linux
346610507,kubectl-kcl,aarch64-linux
346610494,kubectl-kcl,x86_64-linux
346791999,kuro,aarch64-darwin
346610749,kuzu,aarch64-linux
346610742,kuzu,x86_64-linux
346610748,kvmtool,x86_64-linux
346610861,ladybugdb,aarch64-darwin
346610836,ladybugdb,aarch64-linux
346610849,ladybugdb,x86_64-linux
346822653,latte-integrale,aarch64-linux
346822660,latte-integrale,x86_64-linux
346611010,lazarus-qt5,aarch64-linux
346611001,lazarus-qt5,x86_64-linux
346611003,lazarus-qt6,aarch64-linux
346611004,lazarus-qt6,x86_64-linux
346611181,lean,aarch64-linux
346611192,lean,x86_64-linux
346611193,lean2,x86_64-linux
346611187,lean3,aarch64-linux
346611191,lean3,x86_64-linux
346792041,ledfx,aarch64-darwin
346611325,lely-core,aarch64-linux
346611326,lely-core,x86_64-linux
346611339,lemon-graph,aarch64-linux
346611340,lemon-graph,x86_64-linux
346611364,leo-lang,aarch64-darwin
346611422,lerna_6,aarch64-linux
346611502,lib45d,aarch64-linux
346611503,lib45d,x86_64-linux
346611751,libcardiacarrest,aarch64-darwin
346872389,libceph,x86_64-linux
346611927,libcue-lang,aarch64-darwin
346612129,libedgetpu,aarch64-linux
346612077,libedgetpu,x86_64-linux
346612126,libesmtp,aarch64-darwin
346612165,libexecinfo,aarch64-darwin
346612516,libigloo,aarch64-darwin
346612601,libixion,aarch64-darwin
346612658,libkiwix,aarch64-darwin
346612724,liblastfm-vambrose,aarch64-darwin
346612898,libmspub,aarch64-linux
346612970,libmspub,x86_64-linux
346613011,libnixxml,aarch64-darwin
346613083,libnop,aarch64-darwin
346613034,libnop,aarch64-linux
346613049,libnop,x86_64-linux
346613093,libomxil-bellagio,aarch64-linux
346613092,libomxil-bellagio,x86_64-linux
346792051,libopenshot,aarch64-darwin
346822773,libopenshot,aarch64-linux
346822776,libopenshot,x86_64-linux
346613161,libopensmtpd,aarch64-darwin
346613251,libpisp,aarch64-darwin
346613243,libpkgmanifest,aarch64-darwin
346613345,libqxp,aarch64-linux
346613358,libqxp,x86_64-linux
346613391,libr3,aarch64-darwin
346613448,libreoffice-collabora,aarch64-linux
346613447,libreoffice-collabora,x86_64-linux
346613773,libsForQt5.grantlee,aarch64-linux
346613772,libsForQt5.grantlee,x86_64-linux
346613785,libsForQt5.libcommuni,aarch64-darwin
346613808,libsForQt5.maplibre-native-qt,aarch64-linux
346613810,libsForQt5.maplibre-native-qt,x86_64-linux
346613861,libsForQt5.qoauth,aarch64-darwin
346613901,libsForQt5.qtmpris,aarch64-darwin
346613953,libsForQt5.qtmpris,aarch64-linux
346613903,libsForQt5.qtmpris,x86_64-linux
346614070,libserdes,aarch64-darwin
346614200,libspf2,aarch64-darwin
346614335,libtapi,aarch64-linux
346823031,libtas,x86_64-linux
346614341,libtorrent-rasterbar-1_2_x,aarch64-linux
346614371,libtorrent-rasterbar-1_2_x,x86_64-linux
346614394,libui-ng,aarch64-darwin
346614396,libui,aarch64-darwin
346614840,libzdb,aarch64-linux
346614841,libzdb,x86_64-linux
346614863,lice,aarch64-darwin
346614870,lice,aarch64-linux
346614867,lice,x86_64-linux
346792082,lidarr,aarch64-darwin
346615039,limo,aarch64-linux
346615032,limo,x86_64-linux
346823081,linecast,aarch64-linux
346615101,linphonePackages.bc-ispell,aarch64-linux
346615098,linphonePackages.bc-ispell,x86_64-linux
346615208,linuxKernel.packages.linux_5_10.acer-wmi-battery,aarch64-linux
346615283,linuxKernel.packages.linux_5_10.ax99100,aarch64-linux
346615228,linuxKernel.packages.linux_5_10.can-isotp,aarch64-linux
346615219,linuxKernel.packages.linux_5_10.can-isotp,x86_64-linux
346615222,linuxKernel.packages.linux_5_10.chipsec,x86_64-linux
346615250,linuxKernel.packages.linux_5_10.ecapture,aarch64-linux
346615244,linuxKernel.packages.linux_5_10.ecapture,x86_64-linux
346615285,linuxKernel.packages.linux_5_10.it87,x86_64-linux
346615295,linuxKernel.packages.linux_5_10.mbp2018-bridge-drv,aarch64-linux
346615284,linuxKernel.packages.linux_5_10.mbp2018-bridge-drv,x86_64-linux
346615310,linuxKernel.packages.linux_5_10.nvidia_x11_beta_open,aarch64-linux
346615322,linuxKernel.packages.linux_5_10.nvidia_x11_beta_open,x86_64-linux
346615309,linuxKernel.packages.linux_5_10.nvidia_x11_vulkan_beta_open,aarch64-linux
346615325,linuxKernel.packages.linux_5_10.nvidia_x11_vulkan_beta_open,x86_64-linux
346615328,linuxKernel.packages.linux_5_10.pktgen,aarch64-linux
346615338,linuxKernel.packages.linux_5_10.pktgen,x86_64-linux
346615343,linuxKernel.packages.linux_5_10.rtl8188eus-aircrack,aarch64-linux
346615337,linuxKernel.packages.linux_5_10.rtl8188eus-aircrack,x86_64-linux
346615382,linuxKernel.packages.linux_5_10.tbs,aarch64-linux
346615389,linuxKernel.packages.linux_5_10.tsme-test,aarch64-linux
346615419,linuxKernel.packages.linux_5_10.tuxedo-drivers,x86_64-linux
346615410,linuxKernel.packages.linux_5_10.universal-pidff,aarch64-linux
346615388,linuxKernel.packages.linux_5_10.universal-pidff,x86_64-linux
346823119,linuxKernel.packages.linux_5_10.virtualboxGuestAdditions,aarch64-linux
346615428,linuxKernel.packages.linux_5_10.xpadneo,aarch64-linux
346615420,linuxKernel.packages.linux_5_10.xpadneo,x86_64-linux
346615426,linuxKernel.packages.linux_5_15.acer-wmi-battery,aarch64-linux
346615430,linuxKernel.packages.linux_5_15.amneziawg,aarch64-linux
346615471,linuxKernel.packages.linux_5_15.amneziawg,x86_64-linux
346615456,linuxKernel.packages.linux_5_15.ax99100,aarch64-linux
346615460,linuxKernel.packages.linux_5_15.can-isotp,aarch64-linux
346615441,linuxKernel.packages.linux_5_15.can-isotp,x86_64-linux
346615455,linuxKernel.packages.linux_5_15.chipsec,x86_64-linux
346615466,linuxKernel.packages.linux_5_15.ecapture,aarch64-linux
346615467,linuxKernel.packages.linux_5_15.ecapture,x86_64-linux
346615517,linuxKernel.packages.linux_5_15.ena,aarch64-linux
346615480,linuxKernel.packages.linux_5_15.ena,x86_64-linux
346823124,linuxKernel.packages.linux_5_15.lenovo-legion-module,x86_64-linux
346615511,linuxKernel.packages.linux_5_15.mbp2018-bridge-drv,aarch64-linux
346615512,linuxKernel.packages.linux_5_15.mbp2018-bridge-drv,x86_64-linux
346615530,linuxKernel.packages.linux_5_15.nvidia_x11_beta_open,aarch64-linux
346615565,linuxKernel.packages.linux_5_15.nvidia_x11_beta_open,x86_64-linux
346615553,linuxKernel.packages.linux_5_15.nvidia_x11_vulkan_beta_open,aarch64-linux
346615536,linuxKernel.packages.linux_5_15.nvidia_x11_vulkan_beta_open,x86_64-linux
346615551,linuxKernel.packages.linux_5_15.pktgen,aarch64-linux
346615552,linuxKernel.packages.linux_5_15.pktgen,x86_64-linux
346615586,linuxKernel.packages.linux_5_15.rtl8188eus-aircrack,aarch64-linux
346615563,linuxKernel.packages.linux_5_15.rtl8188eus-aircrack,x86_64-linux
346615611,linuxKernel.packages.linux_5_15.tbs,aarch64-linux
346615609,linuxKernel.packages.linux_5_15.tsme-test,aarch64-linux
346615628,linuxKernel.packages.linux_5_15.universal-pidff,aarch64-linux
346615616,linuxKernel.packages.linux_5_15.universal-pidff,x86_64-linux
346615637,linuxKernel.packages.linux_5_15.xpadneo,aarch64-linux
346615650,linuxKernel.packages.linux_5_15.xpadneo,x86_64-linux
346615659,linuxKernel.packages.linux_6_1.acer-wmi-battery,aarch64-linux
346615695,linuxKernel.packages.linux_6_1.ax99100,aarch64-linux
346615697,linuxKernel.packages.linux_6_1.chipsec,x86_64-linux
346615718,linuxKernel.packages.linux_6_1.ecapture,aarch64-linux
346615696,linuxKernel.packages.linux_6_1.ecapture,x86_64-linux
346615713,linuxKernel.packages.linux_6_1.ena,aarch64-linux
346615701,linuxKernel.packages.linux_6_1.ena,x86_64-linux
346823128,linuxKernel.packages.linux_6_1.lenovo-legion-module,x86_64-linux
346615775,linuxKernel.packages.linux_6_1.lttng-modules,aarch64-linux
346615742,linuxKernel.packages.linux_6_1.lttng-modules,x86_64-linux
346615745,linuxKernel.packages.linux_6_1.mbp2018-bridge-drv,aarch64-linux
346615757,linuxKernel.packages.linux_6_1.mbp2018-bridge-drv,x86_64-linux
346615749,linuxKernel.packages.linux_6_1.morse-driver,aarch64-linux
346615755,linuxKernel.packages.linux_6_1.morse-driver,x86_64-linux
346615782,linuxKernel.packages.linux_6_1.pktgen,aarch64-linux
346615783,linuxKernel.packages.linux_6_1.pktgen,x86_64-linux
346615793,linuxKernel.packages.linux_6_1.rtl8188eus-aircrack,aarch64-linux
346615800,linuxKernel.packages.linux_6_1.rtl8188eus-aircrack,x86_64-linux
346615799,linuxKernel.packages.linux_6_1.rtl8192eu,x86_64-linux
346615801,linuxKernel.packages.linux_6_1.rtl8812au,aarch64-linux
346615818,linuxKernel.packages.linux_6_1.rtl8812au,x86_64-linux
346615817,linuxKernel.packages.linux_6_1.rtl8814au,aarch64-linux
346615821,linuxKernel.packages.linux_6_1.rtl8814au,x86_64-linux
346615805,linuxKernel.packages.linux_6_1.rtl8821au,aarch64-linux
346615806,linuxKernel.packages.linux_6_1.rtl8821au,x86_64-linux
346615825,linuxKernel.packages.linux_6_1.rtl8821cu,aarch64-linux
346615812,linuxKernel.packages.linux_6_1.rtl8821cu,x86_64-linux
346615873,linuxKernel.packages.linux_6_1.rtl8852au,x86_64-linux
346615826,linuxKernel.packages.linux_6_1.rtl8852bu,x86_64-linux
346615811,linuxKernel.packages.linux_6_1.rtl88x2bu,aarch64-linux
346615829,linuxKernel.packages.linux_6_1.rtl88x2bu,x86_64-linux
346615813,linuxKernel.packages.linux_6_1.rtl88xxau-aircrack,aarch64-linux
346615835,linuxKernel.packages.linux_6_1.rtl88xxau-aircrack,x86_64-linux
346615845,linuxKernel.packages.linux_6_1.tbs,aarch64-linux
346615840,linuxKernel.packages.linux_6_1.tsme-test,aarch64-linux
346615863,linuxKernel.packages.linux_6_1.universal-pidff,aarch64-linux
346615889,linuxKernel.packages.linux_6_12.acer-wmi-battery,aarch64-linux
346615926,linuxKernel.packages.linux_6_12.chipsec,x86_64-linux
346615925,linuxKernel.packages.linux_6_12.ecapture,aarch64-linux
346615950,linuxKernel.packages.linux_6_12.ecapture,x86_64-linux
346616005,linuxKernel.packages.linux_6_12.lttng-modules,aarch64-linux
346615981,linuxKernel.packages.linux_6_12.lttng-modules,x86_64-linux
346615977,linuxKernel.packages.linux_6_12.mbp2018-bridge-drv,aarch64-linux
346615971,linuxKernel.packages.linux_6_12.mbp2018-bridge-drv,x86_64-linux
346616013,linuxKernel.packages.linux_6_12.pktgen,aarch64-linux
346616012,linuxKernel.packages.linux_6_12.pktgen,x86_64-linux
346616020,linuxKernel.packages.linux_6_12.rtl8188eus-aircrack,aarch64-linux
346616025,linuxKernel.packages.linux_6_12.rtl8188eus-aircrack,x86_64-linux
346616044,linuxKernel.packages.linux_6_12.rtl8189es,aarch64-linux
346616023,linuxKernel.packages.linux_6_12.rtl8189es,x86_64-linux
346616024,linuxKernel.packages.linux_6_12.rtl8189fs,aarch64-linux
346616110,linuxKernel.packages.linux_6_12.rtl8189fs,x86_64-linux
346616026,linuxKernel.packages.linux_6_12.rtl8192eu,x86_64-linux
346616113,linuxKernel.packages.linux_6_12.rtl8723ds,aarch64-linux
346616030,linuxKernel.packages.linux_6_12.rtl8723ds,x86_64-linux
346616051,linuxKernel.packages.linux_6_12.rtl8812au,aarch64-linux
346616031,linuxKernel.packages.linux_6_12.rtl8812au,x86_64-linux
346616043,linuxKernel.packages.linux_6_12.rtl8814au,aarch64-linux
346616059,linuxKernel.packages.linux_6_12.rtl8814au,x86_64-linux
346616039,linuxKernel.packages.linux_6_12.rtl8821cu,aarch64-linux
346616036,linuxKernel.packages.linux_6_12.rtl8821cu,x86_64-linux
346616049,linuxKernel.packages.linux_6_12.rtl8852au,x86_64-linux
346616087,linuxKernel.packages.linux_6_12.rtl88xxau-aircrack,aarch64-linux
346616073,linuxKernel.packages.linux_6_12.rtl88xxau-aircrack,x86_64-linux
346616093,linuxKernel.packages.linux_6_12.tbs,aarch64-linux
346616072,linuxKernel.packages.linux_6_12.tsme-test,aarch64-linux
346823144,linuxKernel.packages.linux_6_18.acer-wmi-battery,aarch64-linux
346823171,linuxKernel.packages.linux_6_18.chipsec,x86_64-linux
346823179,linuxKernel.packages.linux_6_18.ecapture,aarch64-linux
346823168,linuxKernel.packages.linux_6_18.ecapture,x86_64-linux
346823253,linuxKernel.packages.linux_6_18.lttng-modules,aarch64-linux
346823211,linuxKernel.packages.linux_6_18.lttng-modules,x86_64-linux
346823212,linuxKernel.packages.linux_6_18.mbp2018-bridge-drv,aarch64-linux
346823213,linuxKernel.packages.linux_6_18.mbp2018-bridge-drv,x86_64-linux
346823218,linuxKernel.packages.linux_6_18.msi-ec,aarch64-linux
346616237,linuxKernel.packages.linux_6_18.pktgen,aarch64-linux
346616239,linuxKernel.packages.linux_6_18.pktgen,x86_64-linux
346823274,linuxKernel.packages.linux_6_18.shufflecake,aarch64-linux
346823284,linuxKernel.packages.linux_6_18.shufflecake,x86_64-linux
346823311,linuxKernel.packages.linux_6_18.tsme-test,aarch64-linux
346823327,linuxKernel.packages.linux_6_18.vmm_clock,x86_64-linux
346616333,linuxKernel.packages.linux_6_6.acer-wmi-battery,aarch64-linux
346616346,linuxKernel.packages.linux_6_6.ax99100,aarch64-linux
346616367,linuxKernel.packages.linux_6_6.chipsec,x86_64-linux
346616369,linuxKernel.packages.linux_6_6.ecapture,aarch64-linux
346616374,linuxKernel.packages.linux_6_6.ecapture,x86_64-linux
346616428,linuxKernel.packages.linux_6_6.lttng-modules,aarch64-linux
346616464,linuxKernel.packages.linux_6_6.lttng-modules,x86_64-linux
346616416,linuxKernel.packages.linux_6_6.mbp2018-bridge-drv,aarch64-linux
346616417,linuxKernel.packages.linux_6_6.mbp2018-bridge-drv,x86_64-linux
346616460,linuxKernel.packages.linux_6_6.pktgen,aarch64-linux
346616459,linuxKernel.packages.linux_6_6.pktgen,x86_64-linux
346616468,linuxKernel.packages.linux_6_6.rtl8188eus-aircrack,aarch64-linux
346616522,linuxKernel.packages.linux_6_6.rtl8188eus-aircrack,x86_64-linux
346616488,linuxKernel.packages.linux_6_6.rtl8192eu,x86_64-linux
346616490,linuxKernel.packages.linux_6_6.rtl8812au,aarch64-linux
346616489,linuxKernel.packages.linux_6_6.rtl8812au,x86_64-linux
346616480,linuxKernel.packages.linux_6_6.rtl8814au,aarch64-linux
346616481,linuxKernel.packages.linux_6_6.rtl8814au,x86_64-linux
346616524,linuxKernel.packages.linux_6_6.rtl8821au,aarch64-linux
346616483,linuxKernel.packages.linux_6_6.rtl8821au,x86_64-linux
346616484,linuxKernel.packages.linux_6_6.rtl8821cu,aarch64-linux
346616485,linuxKernel.packages.linux_6_6.rtl8821cu,x86_64-linux
346616486,linuxKernel.packages.linux_6_6.rtl8852au,x86_64-linux
346616487,linuxKernel.packages.linux_6_6.rtl8852bu,x86_64-linux
346616526,linuxKernel.packages.linux_6_6.rtl88x2bu,aarch64-linux
346616528,linuxKernel.packages.linux_6_6.rtl88x2bu,x86_64-linux
346616536,linuxKernel.packages.linux_6_6.rtl88xxau-aircrack,aarch64-linux
346616572,linuxKernel.packages.linux_6_6.rtl88xxau-aircrack,x86_64-linux
346616529,linuxKernel.packages.linux_6_6.tbs,aarch64-linux
346616531,linuxKernel.packages.linux_6_6.tbs,x86_64-linux
346616520,linuxKernel.packages.linux_6_6.tsme-test,aarch64-linux
346616523,linuxKernel.packages.linux_6_6.universal-pidff,aarch64-linux
346616552,linuxKernel.packages.linux_6_6.xone,aarch64-linux
346616585,linuxKernel.packages.linux_6_6.xone,x86_64-linux
346823347,linuxKernel.packages.linux_7_2.acer-wmi-battery,aarch64-linux
346823351,linuxKernel.packages.linux_7_2.ajantv2,aarch64-linux
346823424,linuxKernel.packages.linux_7_2.ajantv2,x86_64-linux
346823361,linuxKernel.packages.linux_7_2.chipsec,x86_64-linux
346823369,linuxKernel.packages.linux_7_2.corefreq,aarch64-linux
346823373,linuxKernel.packages.linux_7_2.ecapture,aarch64-linux
346823383,linuxKernel.packages.linux_7_2.ecapture,x86_64-linux
346823380,linuxKernel.packages.linux_7_2.facetimehd,x86_64-linux
346823419,linuxKernel.packages.linux_7_2.gasket,aarch64-linux
346823386,linuxKernel.packages.linux_7_2.gasket,x86_64-linux
346823425,linuxKernel.packages.linux_7_2.lkrg,aarch64-linux
346823434,linuxKernel.packages.linux_7_2.lkrg,x86_64-linux
346823415,linuxKernel.packages.linux_7_2.lttng-modules,aarch64-linux
346823429,linuxKernel.packages.linux_7_2.lttng-modules,x86_64-linux
346823418,linuxKernel.packages.linux_7_2.mbp2018-bridge-drv,aarch64-linux
346823428,linuxKernel.packages.linux_7_2.mbp2018-bridge-drv,x86_64-linux
346823433,linuxKernel.packages.linux_7_2.msi-ec,aarch64-linux
346823476,linuxKernel.packages.linux_7_2.nvidia_x11_beta_open,aarch64-linux
346823463,linuxKernel.packages.linux_7_2.nvidia_x11_beta_open,x86_64-linux
346823492,linuxKernel.packages.linux_7_2.nvidia_x11_vulkan_beta_open,aarch64-linux
346823444,linuxKernel.packages.linux_7_2.nvidia_x11_vulkan_beta_open,x86_64-linux
346616686,linuxKernel.packages.linux_7_2.pktgen,aarch64-linux
346616689,linuxKernel.packages.linux_7_2.pktgen,x86_64-linux
346823466,linuxKernel.packages.linux_7_2.rtl8189es,aarch64-linux
346823470,linuxKernel.packages.linux_7_2.rtl8189es,x86_64-linux
346823498,linuxKernel.packages.linux_7_2.rtl8189fs,aarch64-linux
346823477,linuxKernel.packages.linux_7_2.rtl8189fs,x86_64-linux
346823501,linuxKernel.packages.linux_7_2.rtl8821cu,aarch64-linux
346823510,linuxKernel.packages.linux_7_2.rtl8821cu,x86_64-linux
346823471,linuxKernel.packages.linux_7_2.rtl88x2bu,aarch64-linux
346823472,linuxKernel.packages.linux_7_2.rtl88x2bu,x86_64-linux
346823480,linuxKernel.packages.linux_7_2.shufflecake,aarch64-linux
346823481,linuxKernel.packages.linux_7_2.shufflecake,x86_64-linux
346823496,linuxKernel.packages.linux_7_2.tp_smapi,x86_64-linux
346823502,linuxKernel.packages.linux_7_2.tsme-test,aarch64-linux
346823508,linuxKernel.packages.linux_7_2.tsme-test,x86_64-linux
346823536,linuxKernel.packages.linux_7_2.vmm_clock,x86_64-linux
346872450,linuxKernel.packages.linux_xanmod.chipsec,x86_64-linux
346872434,linuxKernel.packages.linux_xanmod.ecapture,x86_64-linux
346872453,linuxKernel.packages.linux_xanmod.lttng-modules,x86_64-linux
346872448,linuxKernel.packages.linux_xanmod.mbp2018-bridge-drv,x86_64-linux
346616854,linuxKernel.packages.linux_xanmod.pktgen,aarch64-linux
346616855,linuxKernel.packages.linux_xanmod.pktgen,x86_64-linux
346872520,linuxKernel.packages.linux_xanmod.shufflecake,x86_64-linux
346872554,linuxKernel.packages.linux_xanmod.vmm_clock,x86_64-linux
346872531,linuxKernel.packages.linux_xanmod_latest.ajantv2,x86_64-linux
346872529,linuxKernel.packages.linux_xanmod_latest.chipsec,x86_64-linux
346872543,linuxKernel.packages.linux_xanmod_latest.ecapture,x86_64-linux
346872551,linuxKernel.packages.linux_xanmod_latest.facetimehd,x86_64-linux
346872580,linuxKernel.packages.linux_xanmod_latest.gasket,x86_64-linux
346872592,linuxKernel.packages.linux_xanmod_latest.lkrg,x86_64-linux
346872566,linuxKernel.packages.linux_xanmod_latest.lttng-modules,x86_64-linux
346872585,linuxKernel.packages.linux_xanmod_latest.mbp2018-bridge-drv,x86_64-linux
346872575,linuxKernel.packages.linux_xanmod_latest.nvidia_x11_beta_open,x86_64-linux
346872578,linuxKernel.packages.linux_xanmod_latest.nvidia_x11_vulkan_beta_open,x86_64-linux
346616989,linuxKernel.packages.linux_xanmod_latest.pktgen,aarch64-linux
346616990,linuxKernel.packages.linux_xanmod_latest.pktgen,x86_64-linux
346872628,linuxKernel.packages.linux_xanmod_latest.rtl8189es,x86_64-linux
346872594,linuxKernel.packages.linux_xanmod_latest.rtl8189fs,x86_64-linux
346872596,linuxKernel.packages.linux_xanmod_latest.rtl8821cu,x86_64-linux
346872597,linuxKernel.packages.linux_xanmod_latest.rtl88x2bu,x86_64-linux
346872623,linuxKernel.packages.linux_xanmod_latest.shufflecake,x86_64-linux
346872612,linuxKernel.packages.linux_xanmod_latest.tp_smapi,x86_64-linux
346872609,linuxKernel.packages.linux_xanmod_latest.tsme-test,x86_64-linux
346872631,linuxKernel.packages.linux_xanmod_latest.vmm_clock,x86_64-linux
346872670,linuxKernel.packages.linux_xanmod_stable.ajantv2,x86_64-linux
346872649,linuxKernel.packages.linux_xanmod_stable.chipsec,x86_64-linux
346873131,linuxKernel.packages.linux_xanmod_stable.ecapture,x86_64-linux
346872662,linuxKernel.packages.linux_xanmod_stable.facetimehd,x86_64-linux
346872664,linuxKernel.packages.linux_xanmod_stable.gasket,x86_64-linux
346872686,linuxKernel.packages.linux_xanmod_stable.lkrg,x86_64-linux
346872688,linuxKernel.packages.linux_xanmod_stable.lttng-modules,x86_64-linux
346872690,linuxKernel.packages.linux_xanmod_stable.mbp2018-bridge-drv,x86_64-linux
346872698,linuxKernel.packages.linux_xanmod_stable.nvidia_x11_beta_open,x86_64-linux
346872701,linuxKernel.packages.linux_xanmod_stable.nvidia_x11_vulkan_beta_open,x86_64-linux
346617127,linuxKernel.packages.linux_xanmod_stable.pktgen,aarch64-linux
346617131,linuxKernel.packages.linux_xanmod_stable.pktgen,x86_64-linux
346872716,linuxKernel.packages.linux_xanmod_stable.rtl8189es,x86_64-linux
346872717,linuxKernel.packages.linux_xanmod_stable.rtl8189fs,x86_64-linux
346872718,linuxKernel.packages.linux_xanmod_stable.rtl8821cu,x86_64-linux
346872719,linuxKernel.packages.linux_xanmod_stable.rtl88x2bu,x86_64-linux
346872724,linuxKernel.packages.linux_xanmod_stable.shufflecake,x86_64-linux
346872734,linuxKernel.packages.linux_xanmod_stable.tp_smapi,x86_64-linux
346872735,linuxKernel.packages.linux_xanmod_stable.tsme-test,x86_64-linux
346872749,linuxKernel.packages.linux_xanmod_stable.vmm_clock,x86_64-linux
346617210,linuxKernel.packages.linux_zen.ajantv2,x86_64-linux
346617234,linuxKernel.packages.linux_zen.chipsec,x86_64-linux
346617209,linuxKernel.packages.linux_zen.ecapture,x86_64-linux
346617212,linuxKernel.packages.linux_zen.facetimehd,x86_64-linux
346617251,linuxKernel.packages.linux_zen.gasket,x86_64-linux
346617235,linuxKernel.packages.linux_zen.lkrg,x86_64-linux
346617248,linuxKernel.packages.linux_zen.lttng-modules,x86_64-linux
346617238,linuxKernel.packages.linux_zen.mbp2018-bridge-drv,x86_64-linux
346617274,linuxKernel.packages.linux_zen.nvidia_x11_beta_open,x86_64-linux
346617266,linuxKernel.packages.linux_zen.nvidia_x11_vulkan_beta_open,x86_64-linux
346617260,linuxKernel.packages.linux_zen.pktgen,aarch64-linux
346617262,linuxKernel.packages.linux_zen.pktgen,x86_64-linux
346617277,linuxKernel.packages.linux_zen.rtl8189es,x86_64-linux
346617289,linuxKernel.packages.linux_zen.rtl8189fs,x86_64-linux
346617276,linuxKernel.packages.linux_zen.rtl8821cu,x86_64-linux
346617288,linuxKernel.packages.linux_zen.rtl88x2bu,x86_64-linux
346617285,linuxKernel.packages.linux_zen.shufflecake,x86_64-linux
346617313,linuxKernel.packages.linux_zen.tp_smapi,x86_64-linux
346617290,linuxKernel.packages.linux_zen.tsme-test,x86_64-linux
346617305,linuxKernel.packages.linux_zen.vmm_clock,x86_64-linux
346823575,linuxPackages.acer-wmi-battery,aarch64-linux
346823601,linuxPackages.chipsec,x86_64-linux
346823613,linuxPackages.ecapture,aarch64-linux
346823637,linuxPackages.ecapture,x86_64-linux
346823652,linuxPackages.lttng-modules,aarch64-linux
346823656,linuxPackages.lttng-modules,x86_64-linux
346823655,linuxPackages.mbp2018-bridge-drv,aarch64-linux
346823659,linuxPackages.mbp2018-bridge-drv,x86_64-linux
346823664,linuxPackages.msi-ec,aarch64-linux
346617443,linuxPackages.pktgen,aarch64-linux
346617446,linuxPackages.pktgen,x86_64-linux
346823716,linuxPackages.shufflecake,aarch64-linux
346823719,linuxPackages.shufflecake,x86_64-linux
346823733,linuxPackages.tsme-test,aarch64-linux
346823754,linuxPackages.vmm_clock,x86_64-linux
346823574,linuxPackages_latest.acer-wmi-battery,aarch64-linux
346823777,linuxPackages_latest.ajantv2,aarch64-linux
346823772,linuxPackages_latest.ajantv2,x86_64-linux
346823798,linuxPackages_latest.chipsec,x86_64-linux
346823795,linuxPackages_latest.corefreq,aarch64-linux
346823813,linuxPackages_latest.ecapture,aarch64-linux
346823814,linuxPackages_latest.ecapture,x86_64-linux
346823816,linuxPackages_latest.facetimehd,x86_64-linux
346823824,linuxPackages_latest.gasket,aarch64-linux
346823825,linuxPackages_latest.gasket,x86_64-linux
346823851,linuxPackages_latest.lkrg,aarch64-linux
346823847,linuxPackages_latest.lkrg,x86_64-linux
346823854,linuxPackages_latest.lttng-modules,aarch64-linux
346823855,linuxPackages_latest.lttng-modules,x86_64-linux
346823859,linuxPackages_latest.mbp2018-bridge-drv,aarch64-linux
346823853,linuxPackages_latest.mbp2018-bridge-drv,x86_64-linux
346823866,linuxPackages_latest.msi-ec,aarch64-linux
346823871,linuxPackages_latest.nvidia_x11_beta_open,aarch64-linux
346823872,linuxPackages_latest.nvidia_x11_beta_open,x86_64-linux
346823880,linuxPackages_latest.nvidia_x11_vulkan_beta_open,aarch64-linux
346823882,linuxPackages_latest.nvidia_x11_vulkan_beta_open,x86_64-linux
346617660,linuxPackages_latest.pktgen,aarch64-linux
346617672,linuxPackages_latest.pktgen,x86_64-linux
346823903,linuxPackages_latest.rtl8189es,aarch64-linux
346823902,linuxPackages_latest.rtl8189es,x86_64-linux
346823904,linuxPackages_latest.rtl8189fs,aarch64-linux
346823905,linuxPackages_latest.rtl8189fs,x86_64-linux
346823906,linuxPackages_latest.rtl8821cu,aarch64-linux
346823907,linuxPackages_latest.rtl8821cu,x86_64-linux
346823909,linuxPackages_latest.rtl88x2bu,aarch64-linux
346823912,linuxPackages_latest.rtl88x2bu,x86_64-linux
346823918,linuxPackages_latest.shufflecake,aarch64-linux
346823919,linuxPackages_latest.shufflecake,x86_64-linux
346823931,linuxPackages_latest.tp_smapi,x86_64-linux
346823932,linuxPackages_latest.tsme-test,aarch64-linux
346823937,linuxPackages_latest.tsme-test,x86_64-linux
346823956,linuxPackages_latest.vmm_clock,x86_64-linux
346872784,linuxPackages_xanmod.chipsec,x86_64-linux
346872825,linuxPackages_xanmod.ecapture,x86_64-linux
346872817,linuxPackages_xanmod.lttng-modules,x86_64-linux
346872816,linuxPackages_xanmod.mbp2018-bridge-drv,x86_64-linux
346617839,linuxPackages_xanmod.pktgen,aarch64-linux
346617843,linuxPackages_xanmod.pktgen,x86_64-linux
346872849,linuxPackages_xanmod.shufflecake,x86_64-linux
346872877,linuxPackages_xanmod.vmm_clock,x86_64-linux
346872889,linuxPackages_xanmod_latest.ajantv2,x86_64-linux
346872900,linuxPackages_xanmod_latest.chipsec,x86_64-linux
346872912,linuxPackages_xanmod_latest.ecapture,x86_64-linux
346872911,linuxPackages_xanmod_latest.facetimehd,x86_64-linux
346872916,linuxPackages_xanmod_latest.gasket,x86_64-linux
346872935,linuxPackages_xanmod_latest.lkrg,x86_64-linux
346872936,linuxPackages_xanmod_latest.lttng-modules,x86_64-linux
346872938,linuxPackages_xanmod_latest.mbp2018-bridge-drv,x86_64-linux
346872946,linuxPackages_xanmod_latest.nvidia_x11_beta_open,x86_64-linux
346872950,linuxPackages_xanmod_latest.nvidia_x11_vulkan_beta_open,x86_64-linux
346617976,linuxPackages_xanmod_latest.pktgen,aarch64-linux
346617966,linuxPackages_xanmod_latest.pktgen,x86_64-linux
346872964,linuxPackages_xanmod_latest.rtl8189es,x86_64-linux
346872963,linuxPackages_xanmod_latest.rtl8189fs,x86_64-linux
346872965,linuxPackages_xanmod_latest.rtl8821cu,x86_64-linux
346872968,linuxPackages_xanmod_latest.rtl88x2bu,x86_64-linux
346872971,linuxPackages_xanmod_latest.shufflecake,x86_64-linux
346872982,linuxPackages_xanmod_latest.tp_smapi,x86_64-linux
346872980,linuxPackages_xanmod_latest.tsme-test,x86_64-linux
346872996,linuxPackages_xanmod_latest.vmm_clock,x86_64-linux
346873009,linuxPackages_xanmod_stable.ajantv2,x86_64-linux
346873022,linuxPackages_xanmod_stable.chipsec,x86_64-linux
346873030,linuxPackages_xanmod_stable.ecapture,x86_64-linux
346873031,linuxPackages_xanmod_stable.facetimehd,x86_64-linux
346873036,linuxPackages_xanmod_stable.gasket,x86_64-linux
346873055,linuxPackages_xanmod_stable.lkrg,x86_64-linux
346873056,linuxPackages_xanmod_stable.lttng-modules,x86_64-linux
346873058,linuxPackages_xanmod_stable.mbp2018-bridge-drv,x86_64-linux
346873064,linuxPackages_xanmod_stable.nvidia_x11_beta_open,x86_64-linux
346873069,linuxPackages_xanmod_stable.nvidia_x11_vulkan_beta_open,x86_64-linux
346618103,linuxPackages_xanmod_stable.pktgen,aarch64-linux
346618115,linuxPackages_xanmod_stable.pktgen,x86_64-linux
346873081,linuxPackages_xanmod_stable.rtl8189es,x86_64-linux
346873082,linuxPackages_xanmod_stable.rtl8189fs,x86_64-linux
346873084,linuxPackages_xanmod_stable.rtl8821cu,x86_64-linux
346873085,linuxPackages_xanmod_stable.rtl88x2bu,x86_64-linux
346873088,linuxPackages_xanmod_stable.shufflecake,x86_64-linux
346873102,linuxPackages_xanmod_stable.tp_smapi,x86_64-linux
346873100,linuxPackages_xanmod_stable.tsme-test,x86_64-linux
346873113,linuxPackages_xanmod_stable.vmm_clock,x86_64-linux
346618163,linuxPackages_zen.ajantv2,x86_64-linux
346618185,linuxPackages_zen.chipsec,x86_64-linux
346618198,linuxPackages_zen.ecapture,x86_64-linux
346618193,linuxPackages_zen.facetimehd,x86_64-linux
346618200,linuxPackages_zen.gasket,x86_64-linux
346618219,linuxPackages_zen.lkrg,x86_64-linux
346618223,linuxPackages_zen.lttng-modules,x86_64-linux
346618220,linuxPackages_zen.mbp2018-bridge-drv,x86_64-linux
346618231,linuxPackages_zen.nvidia_x11_beta_open,x86_64-linux
346618237,linuxPackages_zen.nvidia_x11_vulkan_beta_open,x86_64-linux
346618240,linuxPackages_zen.pktgen,aarch64-linux
346618254,linuxPackages_zen.pktgen,x86_64-linux
346618251,linuxPackages_zen.rtl8189es,x86_64-linux
346618253,linuxPackages_zen.rtl8189fs,x86_64-linux
346618255,linuxPackages_zen.rtl8821cu,x86_64-linux
346618256,linuxPackages_zen.rtl88x2bu,x86_64-linux
346618262,linuxPackages_zen.shufflecake,x86_64-linux
346618272,linuxPackages_zen.tp_smapi,x86_64-linux
346618274,linuxPackages_zen.tsme-test,x86_64-linux
346618283,linuxPackages_zen.vmm_clock,x86_64-linux
346618311,linuxkit,aarch64-darwin
346824013,liquidwar,aarch64-linux
346824005,liquidwar,x86_64-linux
346618442,live555,aarch64-darwin
346792116,lixPackageSets.git.nix-serve-ng,aarch64-darwin
346824038,lixPackageSets.git.nix-serve-ng,aarch64-linux
346792130,lixPackageSets.latest.nix-serve-ng,aarch64-darwin
346824078,lixPackageSets.latest.nix-serve-ng,aarch64-linux
346873159,lixPackageSets.lix_2_94.nix-serve-ng,aarch64-darwin
346792159,lixPackageSets.lix_2_95.nix-serve-ng,aarch64-darwin
346824126,lixPackageSets.lix_2_95.nix-serve-ng,aarch64-linux
346792177,lixPackageSets.stable.nix-serve-ng,aarch64-darwin
346824163,lixPackageSets.stable.nix-serve-ng,aarch64-linux
346619630,lixStatic,aarch64-linux
346619607,lixStatic,x86_64-linux
346618914,llvmPackages.libc-overlay,aarch64-linux
346619050,llvmPackages.libc-overlay,x86_64-linux
346618913,llvmPackages.libc,aarch64-linux
346619049,llvmPackages.libc,x86_64-linux
346619018,llvmPackages_18.compiler-rt-libc,aarch64-darwin
346619015,llvmPackages_18.compiler-rt,aarch64-darwin
346619265,llvmPackages_20.libc-overlay,aarch64-linux
346619266,llvmPackages_20.libc-overlay,x86_64-linux
346619263,llvmPackages_20.libc,aarch64-linux
346619262,llvmPackages_20.libc,x86_64-linux
346619397,llvmPackages_21.libc-overlay,aarch64-linux
346619400,llvmPackages_21.libc-overlay,x86_64-linux
346619395,llvmPackages_21.libc,aarch64-linux
346619391,llvmPackages_21.libc,x86_64-linux
346619510,llvmPackages_22.compiler-rt-no-libc,aarch64-linux
346792215,llvmPackages_23.clang-manpages,aarch64-darwin
346824223,llvmPackages_23.clang-manpages,aarch64-linux
346824229,llvmPackages_23.clang-manpages,x86_64-linux
346619637,llvmPackages_23.compiler-rt-no-libc,aarch64-linux
346792217,llvmPackages_23.lldb-manpages,aarch64-darwin
346824226,llvmPackages_23.lldb-manpages,aarch64-linux
346824230,llvmPackages_23.lldb-manpages,x86_64-linux
346619724,llvmPackages_23.lldb,aarch64-darwin
346792218,llvmPackages_23.llvm-manpages,aarch64-darwin
346824228,llvmPackages_23.llvm-manpages,aarch64-linux
346824227,llvmPackages_23.llvm-manpages,x86_64-linux
346619741,llvmPackages_23.openmp,aarch64-darwin
346619697,llvmPackages_23.openmp,aarch64-linux
346619698,llvmPackages_23.openmp,x86_64-linux
346619787,lnx,aarch64-linux
346619785,lnx,x86_64-linux
346824278,lomiri.lomiri-history-service,aarch64-linux
346824269,lomiri.lomiri-history-service,x86_64-linux
346824270,lomiri.lomiri-indicator-datetime,aarch64-linux
346824271,lomiri.lomiri-indicator-network,aarch64-linux
346792229,losslesscut,aarch64-darwin
346620167,loudmouth,aarch64-darwin
346620178,louvre,aarch64-linux
346620208,louvre,x86_64-linux
346620368,ltrace,aarch64-linux
346620386,ltrace,x86_64-linux
346620360,lttoolbox,aarch64-darwin
346624635,mac-fdisk,x86_64-linux
346624718,maiko,aarch64-darwin
346624841,mallard-ducktype,aarch64-darwin
346624835,mallard-ducktype,aarch64-linux
346624887,mallard-ducktype,x86_64-linux
347065185,mapnik,aarch64-darwin
346824545,mapnik,aarch64-linux
346824538,mapnik,x86_64-linux
346625231,martin,x86_64-linux
346625395,mathemagix,aarch64-linux
346625404,mathemagix,x86_64-linux
346625396,mathmod,aarch64-linux
346625409,mathmod,x86_64-linux
346873249,matrix-tuwunel,aarch64-darwin
346824639,mattermost-desktop,aarch64-linux
346625565,mayo,aarch64-darwin
346625961,med,aarch64-linux
346625942,med,x86_64-linux
346625967,mediasynclite,aarch64-darwin
346792416,meerk40t,aarch64-darwin
346824700,meerk40t,aarch64-linux
346824702,meerk40t,x86_64-linux
346824740,memray,aarch64-linux
346824724,memtree,aarch64-linux
346824722,memtree,x86_64-linux
346873260,mergiraf,x86_64-linux
346824742,merkaartor,aarch64-linux
346824735,merkaartor,x86_64-linux
346780547,meshcentral,aarch64-linux
346626270,metapixel,aarch64-darwin
346626313,mev-boost,aarch64-linux
346626396,micronucleus,aarch64-darwin
346626446,micropython,aarch64-darwin
346626451,micropython,aarch64-linux
346626404,micropython,x86_64-linux
346626441,migrate,aarch64-linux
346780551,migrate,x86_64-linux
346824778,mimic,aarch64-linux
346824779,mimic,x86_64-linux
346824806,minitube,aarch64-linux
346824808,minitube,x86_64-linux
346627004,mlton20130715,x86_64-linux
346627039,mlton20210117,aarch64-darwin
346627123,mobsql,aarch64-darwin
346627333,mono_repo,aarch64-linux
346627386,mono_repo,x86_64-linux
346627369,moonfire-nvr,aarch64-darwin
346792519,mopidy-spotify,aarch64-darwin
346824977,mopidy-spotify,aarch64-linux
346824936,mopidy-spotify,x86_64-linux
346824942,mopidy-tidal,aarch64-linux
346792523,mopidyPackages.mopidy-spotify,aarch64-darwin
346824978,mopidyPackages.mopidy-spotify,aarch64-linux
346824985,mopidyPackages.mopidy-spotify,x86_64-linux
346824988,mopidyPackages.mopidy-tidal,aarch64-linux
346627581,mosh,aarch64-linux
346627573,mosh,x86_64-linux
346627610,motoc,aarch64-darwin
346627627,mouseless,aarch64-linux
346627622,mouseless,x86_64-linux
346627733,mp3fs,aarch64-darwin
346627781,mpich-pmix,aarch64-darwin
346627763,mpich,aarch64-darwin
346792539,mplayer,aarch64-darwin
346628073,mrustc-bootstrap,x86_64-linux
346628155,mspds,aarch64-linux
346628148,mspds,x86_64-linux
346792567,mudlet,aarch64-darwin
346628277,multipart-parser-c,aarch64-darwin
346628330,mumble,aarch64-linux
346628347,mumble,x86_64-linux
346792570,musescore,aarch64-darwin
346628501,mygpoclient,aarch64-linux
346825123,mysql-workbench,aarch64-linux
346825122,mysql-workbench,x86_64-linux
346780618,mystmd,aarch64-darwin
346628683,naja,aarch64-darwin
346628765,nano-wallet,aarch64-linux
346628698,nano-wallet,x86_64-linux
346628742,nanobench,aarch64-darwin
346628870,nbd,aarch64-darwin
346629358,net-cpp,aarch64-linux
346629390,net-cpp,x86_64-linux
346629509,netbsd.libcurses,aarch64-linux
346629539,netbsd.libcurses,x86_64-linux
346629507,netbsd.libterminfo,aarch64-darwin
346629511,netbsd.locale,aarch64-linux
346629591,netbsd.locale,x86_64-linux
346629527,netbsd.make,aarch64-darwin
346629532,netbsd.make,aarch64-linux
346629529,netbsd.make,x86_64-linux
346629546,netbsd.man,aarch64-darwin
346629526,netbsd.man,aarch64-linux
346629563,netbsd.man,x86_64-linux
346629606,netclient,aarch64-darwin
346629622,netfoil,aarch64-darwin
346629648,netifd,aarch64-linux
346629643,netifd,x86_64-linux
346629690,netron,aarch64-darwin
346629755,neverest,aarch64-darwin
346629789,neverest,aarch64-linux
346629754,neverest,x86_64-linux
346629775,newlib-nano,aarch64-darwin
346629802,newlib-nano,aarch64-linux
346629766,newlib,aarch64-darwin
346629767,newlib,aarch64-linux
346629803,nexa,aarch64-linux
346629902,nfswolf,aarch64-darwin
346629913,ngadmin,aarch64-darwin
346629957,nhentai,aarch64-darwin
346825329,nhentai,aarch64-linux
346825328,nhentai,x86_64-linux
346629989,nihstro,aarch64-darwin
346792713,nix-serve-ng,aarch64-darwin
346825367,nix-serve-ng,aarch64-linux
346825385,nmstate,aarch64-darwin
346631109,nodehun,aarch64-darwin
346825391,nodejs-slim_26,aarch64-linux
346825392,nodejs-slim_latest,aarch64-linux
346780699,notepad-next,aarch64-darwin
346631561,ns-3,x86_64-linux
346631602,ntp,aarch64-darwin
346825452,numkong,aarch64-linux
346631700,numr,aarch64-linux
346631716,numr,x86_64-linux
346631743,nushellPlugins.desktop_notifications,aarch64-darwin
346631804,nvidia-mig-parted,aarch64-darwin
346632019,obitools3,aarch64-darwin
346632022,obitools3,aarch64-linux
346632015,obitools3,x86_64-linux
346883980,obs-studio-plugins.obs-advanced-masks,x86_64-linux
346883989,obs-studio-plugins.obs-composite-blur,x86_64-linux
346883992,obs-studio-plugins.obs-dvd-screensaver,x86_64-linux
346884021,obs-studio-plugins.obs-move-transition,x86_64-linux
346884024,obs-studio-plugins.obs-noise,x86_64-linux
346884033,obs-studio-plugins.obs-replay-source,x86_64-linux
346884025,obs-studio-plugins.obs-retro-effects,x86_64-linux
346884045,obs-studio-plugins.obs-shaderfilter,x86_64-linux
346884051,obs-studio-plugins.obs-source-switcher,x86_64-linux
346884081,obs-studio-plugins.obs-stroke-glow-shadow,x86_64-linux
346632600,ocamlPackages.class_group_vdf,aarch64-darwin
346633056,ocamlPackages.ecaml,aarch64-darwin
346633702,ocamlPackages.janeStreet.ecaml,aarch64-darwin
346633785,ocamlPackages.janeStreet.janestreet_cpuid,aarch64-darwin
346633852,ocamlPackages.janeStreet.janestreet_cpuid,aarch64-linux
346634079,ocamlPackages.janestreet_cpuid,aarch64-darwin
346634081,ocamlPackages.janestreet_cpuid,aarch64-linux
346634273,ocamlPackages.llvm,aarch64-darwin
346634974,ocamlPackages.owl,aarch64-darwin
346635758,ocamlPackages.stog,aarch64-darwin
346636568,ocamlPackages_latest.class_group_vdf,aarch64-darwin
346636995,ocamlPackages_latest.ecaml,aarch64-darwin
346637669,ocamlPackages_latest.janeStreet.ecaml,aarch64-darwin
346637730,ocamlPackages_latest.janeStreet.janestreet_cpuid,aarch64-darwin
346637734,ocamlPackages_latest.janeStreet.janestreet_cpuid,aarch64-linux
346637552,ocamlPackages_latest.janestreet_cpuid,aarch64-darwin
346638053,ocamlPackages_latest.janestreet_cpuid,aarch64-linux
346638235,ocamlPackages_latest.llvm,aarch64-darwin
346638946,ocamlPackages_latest.owl,aarch64-darwin
346639714,ocamlPackages_latest.stog,aarch64-darwin
346825866,ocrodjvu,aarch64-linux
346825849,ocrodjvu,x86_64-linux
346640210,ocrs,x86_64-linux
346825883,octavePackages.communications,aarch64-linux
346825889,octavePackages.communications,x86_64-linux
346825913,octavePackages.general,aarch64-linux
346825933,octavePackages.general,x86_64-linux
346825958,octavePackages.ocl,aarch64-darwin
346825971,octavePackages.optim,aarch64-linux
346825972,octavePackages.optim,x86_64-linux
346826018,octavePackages.strings,aarch64-linux
346826022,octavePackages.strings,x86_64-linux
346640673,onednn_2,aarch64-linux
346640863,open5gs-webui,aarch64-darwin
346640903,openarc,aarch64-darwin
346640909,openbabel,aarch64-linux
346640969,openbsd.cap_mkdb,aarch64-darwin
346641017,openbsd.cap_mkdb,aarch64-linux
346640957,openbsd.cap_mkdb,x86_64-linux
346640961,openbsd.makedev,aarch64-darwin
346641015,openbsd.makedev,aarch64-linux
346640976,openbsd.makefs,aarch64-darwin
346640963,openbsd.mount,aarch64-darwin
346640979,openbsd.mount,aarch64-linux
346640977,openbsd.mount,x86_64-linux
346640968,openbsd.pfctl,aarch64-darwin
346640981,openbsd.pfctl,aarch64-linux
346640978,openbsd.pfctl,x86_64-linux
346640973,openbsd.su,aarch64-darwin
346641000,openbsd.su,aarch64-linux
346640987,openbsd.su,x86_64-linux
346640988,openbsd.sysctl,aarch64-darwin
346640974,openbsd.sysctl,aarch64-linux
346641002,openbsd.sysctl,x86_64-linux
346641016,opencl-cts,aarch64-darwin
346641001,opencl-cts,aarch64-linux
346641011,opencl-cts,x86_64-linux
346641032,opencloud-desktop-shell-integration-resources,aarch64-darwin
346641012,opencloud-desktop,aarch64-darwin
346641048,opencomposite,aarch64-darwin
346641131,opengothic,aarch64-linux
346641132,opengothic,x86_64-linux
346641347,openonload,x86_64-linux
346641350,openpa,aarch64-darwin
346641366,openpbs,aarch64-darwin
346793252,openroad,aarch64-darwin
346641567,openssh-askpass,aarch64-darwin
347065271,openvas-scanner,x86_64-linux
346826252,openvino-genai,aarch64-linux
346826246,openvino-genai,x86_64-linux
346826260,orbuculum,aarch64-linux
346826263,orbuculum,x86_64-linux
346641977,osmctools,aarch64-darwin
346642018,osrm-backend,aarch64-linux
346642047,osrm-backend,x86_64-linux
346826282,ossia-score,aarch64-linux
346826281,ossia-score,x86_64-linux
346642024,ossim,aarch64-darwin
346642025,ossim,aarch64-linux
346642086,ossim,x86_64-linux
346642087,otel-cli,aarch64-linux
346642130,outguess,aarch64-darwin
346826306,ovito,aarch64-linux
346826305,ovito,x86_64-linux
346642184,ovn,aarch64-linux
346642208,owncloud-client,aarch64-darwin
346642246,oxker,aarch64-darwin
346642257,p4c,aarch64-linux
346642277,p4c,x86_64-linux
346642282,pa-dlna,aarch64-linux
346642284,pa_applet,aarch64-linux
346642276,pa_applet,x86_64-linux
346642314,packcc,aarch64-darwin
346793316,pageedit,aarch64-darwin
346642429,pam_gnupg,aarch64-darwin
346642446,pam_xdg,aarch64-darwin
346642454,pam_xdg,aarch64-linux
346642468,paml,aarch64-darwin
346642858,paqet,aarch64-darwin
346826509,paraview,aarch64-linux
346826511,paraview,x86_64-linux
346642979,partclone-utils,aarch64-darwin
346643168,pawn-appetit,aarch64-darwin
346643185,paxtest,aarch64-linux
346643175,paxtest,x86_64-linux
346643223,pcalc,aarch64-darwin
346826541,pcem,aarch64-linux
346643291,pdf-cli,aarch64-linux
346643392,pdftoipe,aarch64-darwin
346643389,pdftoipe,aarch64-linux
346643385,pdftoipe,x86_64-linux
346643409,pdi,aarch64-linux
346781323,pdi,x86_64-linux
346826589,pegasus-frontend,aarch64-linux
346826596,pegasus-frontend,x86_64-linux
346643510,percona-xtrabackup,aarch64-linux
346643530,percona-xtrabackup,x86_64-linux
346643512,percona-xtrabackup_8_4,aarch64-linux
346643529,percona-xtrabackup_8_4,x86_64-linux
346643544,perfetto-sdk,aarch64-linux
346643571,perfetto-sdk,x86_64-linux
346643524,perfetto,aarch64-linux
346643574,perfetto,x86_64-linux
346643915,perl5Packages.BoostGeometryUtils,aarch64-linux
346643873,perl5Packages.BoostGeometryUtils,x86_64-linux
346645599,perl5Packages.FutureIO,aarch64-darwin
346826639,perl5Packages.Gtk3ImageView,aarch64-darwin
346646137,perl5Packages.ImageScale,x86_64-linux
346649603,perlPackages.BoostGeometryUtils,aarch64-linux
346649606,perlPackages.BoostGeometryUtils,x86_64-linux
346651333,perlPackages.FutureIO,aarch64-darwin
346826689,perlPackages.Gtk3ImageView,aarch64-darwin
346651805,perlPackages.ImageScale,x86_64-linux
346873464,pgadmin4-desktopmode,aarch64-linux
346873460,pgadmin4-desktopmode,x86_64-linux
346873459,pgadmin4,x86_64-linux
346826765,photoview,aarch64-linux
346826755,photoview,x86_64-linux
346657092,phytool,aarch64-darwin
346657104,phytool,aarch64-linux
346657094,phytool,x86_64-linux
346657127,picat,aarch64-darwin
346657167,picoclaw,aarch64-darwin
346657146,picolibc,aarch64-darwin
346657212,pidginPackages.purple-plugin-pack,aarch64-linux
346657213,pidginPackages.purple-plugin-pack,x86_64-linux
346657220,pies,x86_64-linux
346826796,pihole-ftl,aarch64-linux
346826795,pihole-ftl,x86_64-linux
346826808,pimsync,aarch64-linux
346657356,pinnacle,x86_64-linux
346826839,pinocchio,aarch64-linux
346826836,pinocchio,x86_64-linux
346657363,pint,aarch64-darwin
346826847,piper-phonemize,aarch64-linux
346826848,piper-phonemize,x86_64-linux
346657566,pkgit,aarch64-darwin
346873494,pkgsRocm.auto-editor,x86_64-linux
346873501,pkgsRocm.dbcsr,x86_64-linux
346873509,pkgsRocm.elpa,x86_64-linux
346873532,pkgsRocm.gdcm,x86_64-linux
347065321,pkgsRocm.ieda,x86_64-linux
346873597,pkgsRocm.migrate,x86_64-linux
346873766,pkgsRocm.paraview,x86_64-linux
346873642,pkgsRocm.pdi,x86_64-linux
346873644,pkgsRocm.petsc,x86_64-linux
347065343,pkgsRocm.piper-phonemize,x86_64-linux
346873732,pkgsRocm.python3Packages.gdcm,x86_64-linux
346873740,pkgsRocm.python3Packages.gpuctypes,x86_64-linux
346873749,pkgsRocm.python3Packages.hoomd-blue,x86_64-linux
346873874,pkgsRocm.python3Packages.petsc4py,x86_64-linux
346873959,pkgsRocm.python3Packages.sirius,x86_64-linux
346874001,pkgsRocm.python3Packages.torch-no-triton,x86_64-linux
346873960,pkgsRocm.python3Packages.torch,x86_64-linux
346873986,pkgsRocm.python3Packages.torchWithVulkan,x86_64-linux
346873975,pkgsRocm.python3Packages.torchWithoutCuda,x86_64-linux
346874034,pkgsRocm.sirius,x86_64-linux
346874070,pkgsRocm.tt-metal,x86_64-linux
346874084,pkgsRocm.whisper-cpp-vulkan,x86_64-linux
346658220,pktgen,aarch64-linux
346658221,pktgen,x86_64-linux
346827428,plausible,aarch64-linux
346827450,plugdata,aarch64-linux
346827449,plugdata,x86_64-linux
346658494,pmars-x11,aarch64-darwin
346658516,pnetcdf,aarch64-darwin
346658535,pngoptimizer,aarch64-linux
346658545,pngoptimizer,x86_64-linux
346658630,podofo,aarch64-darwin
346658633,podofo0,aarch64-darwin
346793863,polkadot,aarch64-darwin
346658832,ponyc,aarch64-linux
346886160,postgresql14Packages.pointcloud,aarch64-darwin
346886330,postgresql15Packages.pointcloud,aarch64-darwin
346886513,postgresql16Packages.pointcloud,aarch64-darwin
346886771,postgresql17Packages.pointcloud,aarch64-darwin
346886892,postgresql18Packages.pointcloud,aarch64-darwin
347065465,postgresql19Packages.apache_datasketches,aarch64-darwin
347065467,postgresql19Packages.apache_datasketches,x86_64-linux
347065487,postgresql19Packages.omnigres,aarch64-darwin
347065475,postgresql19Packages.omnigres,x86_64-linux
347065482,postgresql19Packages.pg_bigm,aarch64-darwin
347065496,postgresql19Packages.pg_bigm,x86_64-linux
347065505,postgresql19Packages.pg_duckdb,aarch64-darwin
347065497,postgresql19Packages.pg_duckdb,x86_64-linux
347065503,postgresql19Packages.pg_graphql,x86_64-linux
347065504,postgresql19Packages.pg_ivm,aarch64-darwin
347065507,postgresql19Packages.pg_ivm,x86_64-linux
347065550,postgresql19Packages.pg_search,x86_64-linux
347065535,postgresql19Packages.pg_similarity,aarch64-darwin
347065537,postgresql19Packages.pg_similarity,x86_64-linux
347065539,postgresql19Packages.pg_textsearch,aarch64-darwin
347065576,postgresql19Packages.pg_textsearch,x86_64-linux
347065543,postgresql19Packages.pg_tle,aarch64-darwin
347065547,postgresql19Packages.pg_tle,x86_64-linux
347065569,postgresql19Packages.pg_when,x86_64-linux
347065570,postgresql19Packages.pglite_fusion,x86_64-linux
347065599,postgresql19Packages.pgx_ulid,x86_64-linux
347065601,postgresql19Packages.pointcloud,aarch64-darwin
347065602,postgresql19Packages.pointcloud,x86_64-linux
347065603,postgresql19Packages.repmgr,aarch64-darwin
347065607,postgresql19Packages.repmgr,x86_64-linux
347065608,postgresql19Packages.rum,aarch64-darwin
347065611,postgresql19Packages.rum,x86_64-linux
347065620,postgresql19Packages.tds_fdw,aarch64-darwin
347065618,postgresql19Packages.tds_fdw,x86_64-linux
347065619,postgresql19Packages.temporal_tables,aarch64-darwin
347065622,postgresql19Packages.temporal_tables,x86_64-linux
347065624,postgresql19Packages.wal2json,aarch64-darwin
347065625,postgresql19Packages.wal2json,aarch64-linux
347065626,postgresql19Packages.wal2json,x86_64-linux
346887239,postgresqlPackages.pointcloud,aarch64-darwin
346660418,powertabeditor,aarch64-darwin
346794042,previewqt,aarch64-darwin
346660691,prmt,aarch64-darwin
346827620,progress-tracker,aarch64-linux
346827657,progress-tracker,x86_64-linux
346827623,project-graph,aarch64-linux
346827621,project-graph,x86_64-linux
346661161,protobuf_34,aarch64-darwin
346661448,pspy,aarch64-darwin
346827697,pstoedit,aarch64-linux
346827698,pstoedit,x86_64-linux
346827719,pulseaudio-dlna,aarch64-linux
346827715,pulseaudio-dlna,x86_64-linux
346827724,punes-qt6,aarch64-linux
346827730,punes-qt6,x86_64-linux
346827722,punes,aarch64-linux
346827726,punes,x86_64-linux
346661674,puredata,aarch64-darwin
346794099,pvz-portable-unwrapped,aarch64-darwin
346661779,py-spy,aarch64-linux
346661880,pyp,aarch64-darwin
346661883,pyp,aarch64-linux
346661882,pyp,x86_64-linux
346827831,python313Packages.agent-client-protocol,aarch64-linux
346794212,python313Packages.aiohttp-client-cache,aarch64-darwin
346827965,python313Packages.aiohttp-client-cache,aarch64-linux
346827993,python313Packages.aiohttp-client-cache,x86_64-linux
346794221,python313Packages.aiohttp-remotes,aarch64-darwin
346827976,python313Packages.aiohttp-remotes,aarch64-linux
346827986,python313Packages.aiohttp-remotes,x86_64-linux
346662479,python313Packages.aioimaplib,aarch64-linux
346794276,python313Packages.aiosonic,aarch64-darwin
346794314,python313Packages.aiovban-pyaudio,aarch64-darwin
346828130,python313Packages.aiovban-pyaudio,aarch64-linux
346828171,python313Packages.aiovban-pyaudio,x86_64-linux
346663767,python313Packages.allure-pytest,aarch64-darwin
346663763,python313Packages.allure-pytest,aarch64-linux
346663781,python313Packages.allure-pytest,x86_64-linux
346663754,python313Packages.allure-python-commons-test,aarch64-darwin
346663783,python313Packages.allure-python-commons-test,aarch64-linux
346663773,python313Packages.allure-python-commons-test,x86_64-linux
347065663,python313Packages.alphashape,aarch64-darwin
346794376,python313Packages.angr,aarch64-darwin
346828248,python313Packages.angr,aarch64-linux
346828254,python313Packages.angr,x86_64-linux
346794367,python313Packages.anki-mac-helper,aarch64-darwin
346794381,python313Packages.aocd,aarch64-darwin
346828288,python313Packages.aocd,aarch64-linux
346828287,python313Packages.aocd,x86_64-linux
346794411,python313Packages.arelle-headless,aarch64-darwin
346828328,python313Packages.arelle-headless,aarch64-linux
346828326,python313Packages.arelle-headless,x86_64-linux
346794415,python313Packages.arelle,aarch64-darwin
346828325,python313Packages.arelle,aarch64-linux
346828324,python313Packages.arelle,x86_64-linux
346664331,python313Packages.astropy-helpers,aarch64-darwin
346664347,python313Packages.astropy-helpers,aarch64-linux
346664368,python313Packages.astropy-helpers,x86_64-linux
346828471,python313Packages.atopile,x86_64-linux
346794473,python313Packages.authcaptureproxy,aarch64-darwin
346828413,python313Packages.authcaptureproxy,aarch64-linux
346828414,python313Packages.authcaptureproxy,x86_64-linux
347065696,python313Packages.bayesian-optimization,aarch64-darwin
346665286,python313Packages.bayespy,aarch64-darwin
346665282,python313Packages.bayespy,aarch64-linux
346665280,python313Packages.bayespy,x86_64-linux
346794662,python313Packages.bbox,aarch64-darwin
346828755,python313Packages.bbox,aarch64-linux
346828765,python313Packages.bbox,x86_64-linux
346794694,python313Packages.beanhub-cli,aarch64-darwin
346828773,python313Packages.beanhub-cli,aarch64-linux
346828777,python313Packages.beanhub-cli,x86_64-linux
346794737,python313Packages.bizkaibus,aarch64-darwin
346828820,python313Packages.bizkaibus,aarch64-linux
346828811,python313Packages.bizkaibus,x86_64-linux
346794718,python313Packages.blastdns,aarch64-darwin
346794736,python313Packages.borb,aarch64-darwin
346828865,python313Packages.borb,aarch64-linux
346828875,python313Packages.borb,x86_64-linux
346665870,python313Packages.brian2,aarch64-darwin
346665871,python313Packages.brian2,aarch64-linux
346665872,python313Packages.brian2,x86_64-linux
346794760,python313Packages.brotli-asgi,aarch64-darwin
346828894,python313Packages.brotli-asgi,aarch64-linux
346828892,python313Packages.brotli-asgi,x86_64-linux
346828982,python313Packages.caldav_2,aarch64-linux
346666112,python313Packages.canopen,aarch64-darwin
346794804,python313Packages.capa,aarch64-darwin
346828996,python313Packages.capa,aarch64-linux
346828976,python313Packages.capa,x86_64-linux
346666132,python313Packages.capstone_4,aarch64-darwin
346666133,python313Packages.capstone_4,aarch64-linux
346666146,python313Packages.capstone_4,x86_64-linux
347065716,python313Packages.category-encoders,aarch64-darwin
346874281,python313Packages.category-encoders,x86_64-linux
346666241,python313Packages.cement,aarch64-linux
346666256,python313Packages.cement,x86_64-linux
346666255,python313Packages.cert-chain-resolver,aarch64-darwin
346666259,python313Packages.cert-chain-resolver,aarch64-linux
346666254,python313Packages.cert-chain-resolver,x86_64-linux
346666342,python313Packages.cgal,aarch64-linux
346666330,python313Packages.cgal,x86_64-linux
347065723,python313Packages.chirpstack-api,aarch64-darwin
346829039,python313Packages.chirpstack-api,aarch64-linux
346829050,python313Packages.chirpstack-api,x86_64-linux
346666444,python313Packages.cinemagoer,aarch64-darwin
346666441,python313Packages.cinemagoer,aarch64-linux
346666442,python313Packages.cinemagoer,x86_64-linux
346794848,python313Packages.clip,aarch64-darwin
346829055,python313Packages.clip,aarch64-linux
346829060,python313Packages.clip,x86_64-linux
346666696,python313Packages.clx-sdk-xms,aarch64-darwin
346666686,python313Packages.clx-sdk-xms,aarch64-linux
346666707,python313Packages.clx-sdk-xms,x86_64-linux
346782460,python313Packages.colcon-argcomplete,aarch64-darwin
346782478,python313Packages.colcon-argcomplete,aarch64-linux
346782465,python313Packages.colcon-argcomplete,x86_64-linux
347065743,python313Packages.compressed-tensors,aarch64-darwin
346667112,python313Packages.confight,aarch64-darwin
346667082,python313Packages.confight,aarch64-linux
346667084,python313Packages.confight,x86_64-linux
346794942,python313Packages.connect-box,aarch64-darwin
346829139,python313Packages.connect-box,aarch64-linux
346829152,python313Packages.connect-box,x86_64-linux
346794915,python313Packages.connexion,aarch64-darwin
346829147,python313Packages.connexion,aarch64-linux
346829145,python313Packages.connexion,x86_64-linux
346667245,python313Packages.cornice,aarch64-darwin
346667252,python313Packages.cornice,aarch64-linux
346667242,python313Packages.cornice,x86_64-linux
346829189,python313Packages.credsweeper,aarch64-linux
346667339,python313Packages.crochet,aarch64-darwin
346667555,python313Packages.cx-freeze,aarch64-linux
346794978,python313Packages.cyclonedds-python,aarch64-darwin
346829240,python313Packages.cyclonedds-python,aarch64-linux
346829246,python313Packages.cyclonedds-python,x86_64-linux
346794996,python313Packages.dartsim,aarch64-linux
346795006,python313Packages.dartsim,x86_64-linux
347065770,python313Packages.dask-ml,aarch64-darwin
346874408,python313Packages.dask-ml,x86_64-linux
346667738,python313Packages.dataclass-csv,aarch64-darwin
346667722,python313Packages.dataclass-csv,aarch64-linux
346667723,python313Packages.dataclass-csv,x86_64-linux
347065778,python313Packages.datashader,aarch64-darwin
346874403,python313Packages.datashader,x86_64-linux
347065779,python313Packages.datashaper,aarch64-darwin
346874400,python313Packages.datashaper,x86_64-linux
346795059,python313Packages.dbt-common,aarch64-darwin
346829327,python313Packages.dbt-common,aarch64-linux
346829329,python313Packages.dbt-common,x86_64-linux
347065785,python313Packages.deepspeed,aarch64-darwin
346829360,python313Packages.deepwave,x86_64-linux
346668033,python313Packages.deform,aarch64-darwin
346668084,python313Packages.deform,aarch64-linux
346668046,python313Packages.deform,x86_64-linux
346795097,python313Packages.deid,aarch64-darwin
347065786,python313Packages.deltalake,aarch64-darwin
346668162,python313Packages.dicomweb-client,aarch64-darwin
346795129,python313Packages.disnake,aarch64-darwin
346829426,python313Packages.disnake,aarch64-linux
346829427,python313Packages.disnake,x86_64-linux
346887328,python313Packages.distrax,x86_64-linux
346795209,python313Packages.django-currentuser,aarch64-darwin
346829541,python313Packages.django-currentuser,aarch64-linux
346829526,python313Packages.django-currentuser,x86_64-linux
346829841,python313Packages.djvulibre-python,aarch64-darwin
346669005,python313Packages.dlib,aarch64-darwin
346829906,python313Packages.dragonfly,aarch64-linux
346829991,python313Packages.dragonfly,x86_64-linux
347065820,python313Packages.dspy,aarch64-darwin
346669386,python313Packages.dtschema,aarch64-linux
346669392,python313Packages.dtschema,x86_64-linux
346669368,python313Packages.duct-py,aarch64-darwin
346669378,python313Packages.duct-py,aarch64-linux
346669429,python313Packages.duct-py,x86_64-linux
346669596,python313Packages.editdistpy,aarch64-darwin
346669598,python313Packages.editdistpy,aarch64-linux
346669673,python313Packages.editdistpy,x86_64-linux
346669595,python313Packages.effect,aarch64-darwin
346669590,python313Packages.effect,aarch64-linux
346669623,python313Packages.effect,x86_64-linux
346795456,python313Packages.elastic-apm,aarch64-darwin
346830056,python313Packages.elastic-apm,x86_64-linux
346795476,python313Packages.emborg,aarch64-darwin
346830048,python313Packages.emborg,aarch64-linux
346830052,python313Packages.emborg,x86_64-linux
346669693,python313Packages.embrace,aarch64-linux
346795518,python313Packages.es-client,aarch64-darwin
346830121,python313Packages.es-client,aarch64-linux
346830106,python313Packages.es-client,x86_64-linux
346670062,python313Packages.exiv2,aarch64-darwin
346670068,python313Packages.expiring-dict,aarch64-darwin
346795557,python313Packages.facenet-pytorch,aarch64-darwin
346830215,python313Packages.facenet-pytorch,aarch64-linux
346830191,python313Packages.facenet-pytorch,x86_64-linux
346670242,python313Packages.falconpy,aarch64-darwin
346670196,python313Packages.falconpy,aarch64-linux
346670183,python313Packages.falconpy,x86_64-linux
346795574,python313Packages.fastapi-versionizer,aarch64-darwin
346830216,python313Packages.fastapi-versionizer,aarch64-linux
346830214,python313Packages.fastapi-versionizer,x86_64-linux
347065843,python313Packages.fastcan,aarch64-darwin
346874891,python313Packages.fastcan,x86_64-linux
346795633,python313Packages.fastmcp,aarch64-darwin
346795642,python313Packages.fhir-py,aarch64-darwin
346830271,python313Packages.fhir-py,aarch64-linux
346830272,python313Packages.fhir-py,x86_64-linux
346795625,python313Packages.fickling,aarch64-darwin
346830273,python313Packages.fickling,aarch64-linux
346830296,python313Packages.fickling,x86_64-linux
346795639,python313Packages.filterpy,aarch64-darwin
346830335,python313Packages.firedrake,aarch64-linux
346830319,python313Packages.firedrake,x86_64-linux
346670856,python313Packages.flask-versioned,aarch64-darwin
346670858,python313Packages.flask-versioned,aarch64-linux
346670783,python313Packages.flask-versioned,x86_64-linux
346670867,python313Packages.flickrapi,aarch64-darwin
346670839,python313Packages.flickrapi,aarch64-linux
346670840,python313Packages.flickrapi,x86_64-linux
346670909,python313Packages.floret,aarch64-linux
346670857,python313Packages.floret,x86_64-linux
346671067,python313Packages.fritzconnection,aarch64-darwin
346671120,python313Packages.func-timeout,aarch64-darwin
346795724,python313Packages.gdcm,aarch64-darwin
346830452,python313Packages.gdcm,aarch64-linux
346830447,python313Packages.gdcm,x86_64-linux
346830468,python313Packages.gensim,aarch64-linux
346830515,python313Packages.gilknocker,aarch64-linux
346795818,python313Packages.glueviz,aarch64-darwin
346830536,python313Packages.glueviz,aarch64-linux
346830535,python313Packages.glueviz,x86_64-linux
347065907,python313Packages.google-cloud-dataproc,aarch64-darwin
346830592,python313Packages.google-cloud-dataproc,aarch64-linux
346830591,python313Packages.google-cloud-dataproc,x86_64-linux
347065911,python313Packages.google-cloud-error-reporting,aarch64-darwin
346830627,python313Packages.google-cloud-error-reporting,aarch64-linux
346830599,python313Packages.google-cloud-error-reporting,x86_64-linux
347065916,python313Packages.google-cloud-iot,aarch64-darwin
346830617,python313Packages.google-cloud-iot,aarch64-linux
346830663,python313Packages.google-cloud-iot,x86_64-linux
347065934,python313Packages.google-cloud-spanner,aarch64-darwin
346830662,python313Packages.google-cloud-spanner,aarch64-linux
346830642,python313Packages.google-cloud-spanner,x86_64-linux
347065954,python313Packages.gradio,aarch64-darwin
346830735,python313Packages.graph-tool,aarch64-darwin
346795899,python313Packages.graphite-web,aarch64-darwin
346830732,python313Packages.graphite-web,aarch64-linux
346830759,python313Packages.graphite-web,x86_64-linux
346672028,python313Packages.graphql-subscription-manager,aarch64-darwin
346672034,python313Packages.graphql-subscription-manager,aarch64-linux
346672055,python313Packages.graphql-subscription-manager,x86_64-linux
346672288,python313Packages.habitipy,aarch64-darwin
346672309,python313Packages.habitipy,aarch64-linux
346672335,python313Packages.habitipy,x86_64-linux
346830815,python313Packages.halide,aarch64-linux
346672453,python313Packages.heatmiserv3,aarch64-darwin
346672457,python313Packages.heatmiserv3,aarch64-linux
346672463,python313Packages.heatmiserv3,x86_64-linux
346795985,python313Packages.hg-git,aarch64-darwin
346830876,python313Packages.hg-git,aarch64-linux
346830882,python313Packages.hg-git,x86_64-linux
346672679,python313Packages.hoomd-blue,aarch64-linux
346782988,python313Packages.hoomd-blue,x86_64-linux
346830968,python313Packages.httpx-auth,aarch64-linux
346673557,python313Packages.hydrogram,aarch64-darwin
346673483,python313Packages.hydrogram,aarch64-linux
346673538,python313Packages.hydrogram,x86_64-linux
346673531,python313Packages.i-pi,aarch64-linux
346673529,python313Packages.i-pi,x86_64-linux
346796099,python313Packages.ignite,aarch64-darwin
346831040,python313Packages.ignite,aarch64-linux
346831028,python313Packages.ignite,x86_64-linux
347065979,python313Packages.imagecorruptions,aarch64-darwin
346831041,python313Packages.imagecorruptions,aarch64-linux
346831030,python313Packages.imagecorruptions,x86_64-linux
347065980,python313Packages.imagededup,aarch64-darwin
346875033,python313Packages.imagededup,x86_64-linux
346796072,python313Packages.imantics,aarch64-darwin
346796060,python313Packages.imantics,aarch64-linux
346673752,python313Packages.imantics,x86_64-linux
347065982,python313Packages.imbalanced-learn,aarch64-darwin
346875037,python313Packages.imbalanced-learn,x86_64-linux
346673938,python313Packages.inquirer3,aarch64-darwin
346796092,python313Packages.intensity-normalization,aarch64-darwin
346831086,python313Packages.intensity-normalization,aarch64-linux
346831081,python313Packages.intensity-normalization,x86_64-linux
346796107,python313Packages.invocations,aarch64-darwin
346831099,python313Packages.invocations,aarch64-linux
346831095,python313Packages.invocations,x86_64-linux
347065992,python313Packages.iplotx,aarch64-darwin
346875052,python313Packages.iplotx,x86_64-linux
346674168,python313Packages.isbnlib,aarch64-darwin
346674131,python313Packages.isbnlib,aarch64-linux
346674139,python313Packages.isbnlib,x86_64-linux
346674218,python313Packages.iterfzf,aarch64-darwin
346674339,python313Packages.jax-jumpy,aarch64-darwin
346674376,python313Packages.jax-jumpy,aarch64-linux
346674343,python313Packages.jax-jumpy,x86_64-linux
346674370,python313Packages.jenkinsapi,aarch64-darwin
346674431,python313Packages.jenkinsapi,aarch64-linux
346674390,python313Packages.jenkinsapi,x86_64-linux
346674540,python313Packages.json-schema-for-humans,aarch64-darwin
346674485,python313Packages.json-schema-for-humans,aarch64-linux
346674481,python313Packages.json-schema-for-humans,x86_64-linux
346674533,python313Packages.json-tricks,aarch64-darwin
346674495,python313Packages.json-tricks,aarch64-linux
346674566,python313Packages.json-tricks,x86_64-linux
346831197,python313Packages.jupyter-server,aarch64-linux
347066002,python313Packages.kbcstorage,aarch64-darwin
346831294,python313Packages.kbcstorage,aarch64-linux
346831286,python313Packages.kbcstorage,x86_64-linux
346674937,python313Packages.kestra,aarch64-darwin
346674922,python313Packages.kestra,aarch64-linux
346674968,python313Packages.kestra,x86_64-linux
346796237,python313Packages.kmock,aarch64-darwin
346831340,python313Packages.kopf,aarch64-linux
346831324,python313Packages.kopf,x86_64-linux
347066010,python313Packages.kotsu,aarch64-darwin
346875085,python313Packages.kotsu,x86_64-linux
347066008,python313Packages.kserve-storage,aarch64-darwin
346675080,python313Packages.kuzu,aarch64-linux
346675073,python313Packages.kuzu,x86_64-linux
347066012,python313Packages.lancedb,aarch64-darwin
346675261,python313Packages.latexify-py,aarch64-darwin
346675295,python313Packages.latexify-py,aarch64-linux
346675273,python313Packages.latexify-py,x86_64-linux
346796327,python313Packages.libbs,aarch64-darwin
346831459,python313Packages.libbs,aarch64-linux
346831460,python313Packages.libbs,x86_64-linux
346675611,python313Packages.libxc,aarch64-darwin
346675636,python313Packages.libxc,aarch64-linux
346675613,python313Packages.libxc,x86_64-linux
346831505,python313Packages.lifx-async,aarch64-linux
346675734,python313Packages.line-profiler,aarch64-darwin
346675718,python313Packages.line-profiler,aarch64-linux
346675712,python313Packages.line-profiler,x86_64-linux
347066029,python313Packages.linearmodels,aarch64-darwin
346875137,python313Packages.linearmodels,x86_64-linux
346675748,python313Packages.linode-api,aarch64-darwin
346675744,python313Packages.linode-api,aarch64-linux
346675811,python313Packages.linode-api,x86_64-linux
346676365,python313Packages.mallard-ducktype,aarch64-darwin
346676369,python313Packages.mallard-ducktype,aarch64-linux
346676372,python313Packages.mallard-ducktype,x86_64-linux
346796625,python313Packages.mdtraj,aarch64-darwin
346831846,python313Packages.mdtraj,aarch64-linux
346831848,python313Packages.mdtraj,x86_64-linux
346676740,python313Packages.mergedb,aarch64-darwin
346676741,python313Packages.mergedb,aarch64-linux
346676806,python313Packages.mergedb,x86_64-linux
346796668,python313Packages.mir-eval,aarch64-darwin
346831920,python313Packages.mir-eval,aarch64-linux
346831938,python313Packages.mir-eval,x86_64-linux
346831924,python313Packages.mistral-common,x86_64-linux
346677044,python313Packages.mkdocs-autolinks-plugin,aarch64-darwin
346677043,python313Packages.mkdocs-autolinks-plugin,aarch64-linux
346677035,python313Packages.mkdocs-autolinks-plugin,x86_64-linux
346677128,python313Packages.mkdocs-simple-blog,aarch64-darwin
346677160,python313Packages.mkdocs-simple-blog,aarch64-linux
346677138,python313Packages.mkdocs-simple-blog,x86_64-linux
347066089,python313Packages.mlxtend,aarch64-darwin
346875311,python313Packages.mlxtend,x86_64-linux
346677325,python313Packages.monosat,aarch64-darwin
346796760,python313Packages.motmetrics,aarch64-darwin
346832066,python313Packages.motmetrics,aarch64-linux
346832075,python313Packages.motmetrics,x86_64-linux
346796787,python313Packages.mpv,aarch64-darwin
347066101,python313Packages.mrsqm,aarch64-darwin
346875353,python313Packages.mrsqm,x86_64-linux
346678819,python313Packages.nanomsg-python,aarch64-darwin
346678836,python313Packages.nanomsg-python,aarch64-linux
346678833,python313Packages.nanomsg-python,x86_64-linux
346679110,python313Packages.nfcpy,aarch64-darwin
347066115,python313Packages.niaarm,aarch64-darwin
346875411,python313Packages.niaarm,x86_64-linux
346796917,python313Packages.noaa-coops,aarch64-darwin
346832350,python313Packages.noaa-coops,aarch64-linux
346832330,python313Packages.noaa-coops,x86_64-linux
346796940,python313Packages.nuclear,aarch64-darwin
346832392,python313Packages.nuclear,aarch64-linux
346832379,python313Packages.nuclear,x86_64-linux
346832371,python313Packages.numkong,aarch64-linux
346679384,python313Packages.numpy-groupies,aarch64-darwin
346679386,python313Packages.numpy-groupies,aarch64-linux
346679387,python313Packages.numpy-groupies,x86_64-linux
346797013,python313Packages.openai-agents,aarch64-darwin
346832466,python313Packages.openai-agents,aarch64-linux
346832506,python313Packages.openai-agents,x86_64-linux
346679760,python313Packages.openbabel,aarch64-linux
347066140,python313Packages.opencensus-ext-azure,aarch64-darwin
346832483,python313Packages.opencensus-ext-azure,aarch64-linux
346832482,python313Packages.opencensus-ext-azure,x86_64-linux
346683454,python313Packages.opendal,aarch64-darwin
346682371,python313Packages.opendal,aarch64-linux
346682497,python313Packages.opendal,x86_64-linux
346679872,python313Packages.openslide,aarch64-darwin
346679887,python313Packages.openslide,aarch64-linux
346679920,python313Packages.openslide,x86_64-linux
347066143,python313Packages.opentelemetry-exporter-otlp-proto-http,aarch64-darwin
346679958,python313Packages.opentelemetry-instrumentation-system-metrics,aarch64-darwin
346797065,python313Packages.opentelemetry-instrumentation-urllib3,aarch64-darwin
346832548,python313Packages.opentelemetry-instrumentation-urllib3,aarch64-linux
346832547,python313Packages.opentelemetry-instrumentation-urllib3,x86_64-linux
346797061,python313Packages.opentelemetry-propagator-aws-xray,aarch64-darwin
346832537,python313Packages.opentelemetry-propagator-aws-xray,aarch64-linux
346832546,python313Packages.opentelemetry-propagator-aws-xray,x86_64-linux
346797101,python313Packages.optiland,aarch64-darwin
346832570,python313Packages.optiland,aarch64-linux
346680088,python313Packages.opytimark,x86_64-linux
346832645,python313Packages.paddlepaddle,aarch64-linux
346680398,python313Packages.panphon,aarch64-darwin
346680397,python313Packages.panphon,aarch64-linux
346680400,python313Packages.panphon,x86_64-linux
346797158,python313Packages.parsnip,aarch64-darwin
346832674,python313Packages.parsnip,aarch64-linux
346832673,python313Packages.parsnip,x86_64-linux
346680596,python313Packages.pbar,aarch64-darwin
346680579,python313Packages.pbar,aarch64-linux
346680614,python313Packages.pbar,x86_64-linux
346680849,python313Packages.pgsanity,aarch64-darwin
346680850,python313Packages.pgsanity,aarch64-linux
346680856,python313Packages.pgsanity,x86_64-linux
346680854,python313Packages.phe,aarch64-darwin
346680898,python313Packages.phe,aarch64-linux
346680852,python313Packages.phe,x86_64-linux
346680887,python313Packages.phx-class-registry,aarch64-darwin
346680888,python313Packages.phx-class-registry,aarch64-linux
346680889,python313Packages.phx-class-registry,x86_64-linux
346680959,python313Packages.pillowfight,aarch64-darwin
346680971,python313Packages.pillowfight,aarch64-linux
346680976,python313Packages.pillowfight,x86_64-linux
346797229,python313Packages.pint-pandas,aarch64-darwin
346832757,python313Packages.pint-pandas,aarch64-linux
346832815,python313Packages.pint-pandas,x86_64-linux
346783705,python313Packages.piper-phonemize,aarch64-darwin
346797237,python313Packages.planetary-computer,aarch64-darwin
346832796,python313Packages.planetary-computer,aarch64-linux
346832812,python313Packages.planetary-computer,x86_64-linux
347066193,python313Packages.pmdarima,aarch64-darwin
346875551,python313Packages.pmdarima,x86_64-linux
346832856,python313Packages.posthog,aarch64-linux
346832873,python313Packages.powerapi,aarch64-linux
347066198,python313Packages.ppscore,aarch64-darwin
346875554,python313Packages.ppscore,x86_64-linux
346681596,python313Packages.property-cached,aarch64-darwin
346681597,python313Packages.property-cached,aarch64-linux
346681598,python313Packages.property-cached,x86_64-linux
346681627,python313Packages.prosemirror,aarch64-darwin
346681630,python313Packages.prosemirror,aarch64-linux
346681643,python313Packages.prosemirror,x86_64-linux
346797317,python313Packages.proton-core,aarch64-darwin
346797328,python313Packages.pulsar-client,aarch64-darwin
346832944,python313Packages.pulsar-client,aarch64-linux
346832945,python313Packages.pulsar-client,x86_64-linux
346681825,python313Packages.pvlib,aarch64-darwin
346681808,python313Packages.pvlib,aarch64-linux
346681846,python313Packages.pvlib,x86_64-linux
346681887,python313Packages.py-cpuinfo2,aarch64-darwin
346682127,python313Packages.pyamg,aarch64-darwin
346682253,python313Packages.pybloomfilter3,aarch64-darwin
346682255,python313Packages.pybloomfilter3,aarch64-linux
346682256,python313Packages.pybloomfilter3,x86_64-linux
346682507,python313Packages.pycsdr,aarch64-linux
346682558,python313Packages.pycsdr,x86_64-linux
346682506,python313Packages.pycxx,aarch64-darwin
346682504,python313Packages.pycxx,aarch64-linux
346682495,python313Packages.pycxx,x86_64-linux
347066219,python313Packages.pydantic-zarr,aarch64-darwin
346875586,python313Packages.pydantic-zarr,x86_64-linux
346682618,python313Packages.pydiffx,aarch64-darwin
346682623,python313Packages.pydiffx,aarch64-linux
346682614,python313Packages.pydiffx,x86_64-linux
346682703,python313Packages.pyeclib,aarch64-darwin
346682776,python313Packages.pyephember2,aarch64-darwin
346682778,python313Packages.pyephember2,aarch64-linux
346682795,python313Packages.pyephember2,x86_64-linux
346682868,python313Packages.pyexiv2,aarch64-darwin
346682808,python313Packages.pyexiv2,aarch64-linux
346682818,python313Packages.pyexiv2,x86_64-linux
346797456,python313Packages.pyfcm,aarch64-darwin
346833188,python313Packages.pyfcm,aarch64-linux
346833194,python313Packages.pyfcm,x86_64-linux
346833246,python313Packages.pyheos,aarch64-linux
347066230,python313Packages.pyinterp,aarch64-darwin
346683303,python313Packages.pyirishrail,aarch64-darwin
346683237,python313Packages.pyirishrail,aarch64-linux
346683218,python313Packages.pyirishrail,x86_64-linux
346683233,python313Packages.pyitachip2ir,aarch64-darwin
346683315,python313Packages.pykdtree,aarch64-linux
346683418,python313Packages.pylibjpeg-rle,aarch64-darwin
346683494,python313Packages.pylsl,aarch64-darwin
346683542,python313Packages.pymatreader,aarch64-darwin
346683544,python313Packages.pymatreader,aarch64-linux
346683545,python313Packages.pymatreader,x86_64-linux
347066238,python313Packages.pymilvus,aarch64-darwin
346683746,python313Packages.pynest2d,aarch64-linux
346683816,python313Packages.pynest2d,x86_64-linux
346797605,python313Packages.pyosohotwaterapi,aarch64-darwin
346833477,python313Packages.pyosohotwaterapi,aarch64-linux
346833440,python313Packages.pyosohotwaterapi,x86_64-linux
346683981,python313Packages.pyoxipng,x86_64-linux
346833459,python313Packages.pypdf,aarch64-linux
346684177,python313Packages.pyqt3d,aarch64-darwin
346684157,python313Packages.pyqt3d,aarch64-linux
346684191,python313Packages.pyqt3d,x86_64-linux
346684270,python313Packages.pyramid-exclog,aarch64-darwin
346684290,python313Packages.pyramid-exclog,aarch64-linux
346684248,python313Packages.pyramid-exclog,x86_64-linux
346684295,python313Packages.pyramid-multiauth,aarch64-darwin
346684332,python313Packages.pyramid-multiauth,aarch64-linux
346684273,python313Packages.pyramid-multiauth,x86_64-linux
346684557,python313Packages.pyslurm,aarch64-linux
346684545,python313Packages.pyslurm,x86_64-linux
346684555,python313Packages.pysmart,aarch64-darwin
346684562,python313Packages.pysmart,aarch64-linux
346684558,python313Packages.pysmart,x86_64-linux
346684619,python313Packages.pysmbc,aarch64-darwin
346684679,python313Packages.pysolarmanv5,aarch64-linux
346797732,python313Packages.pytelegrambotapi,aarch64-darwin
346684979,python313Packages.pytest-harvest,aarch64-darwin
346684972,python313Packages.pytest-harvest,aarch64-linux
346685004,python313Packages.pytest-harvest,x86_64-linux
346797741,python313Packages.pytest-md-report,aarch64-darwin
346833747,python313Packages.pytest-md-report,aarch64-linux
346797753,python313Packages.pytest-selenium,aarch64-darwin
346833801,python313Packages.pytest-selenium,aarch64-linux
346833767,python313Packages.pytest-selenium,x86_64-linux
346685406,python313Packages.python-constraint,aarch64-darwin
346685424,python313Packages.python-constraint,aarch64-linux
346685396,python313Packages.python-constraint,x86_64-linux
346685472,python313Packages.python-etherscan-api,aarch64-darwin
346685473,python313Packages.python-etherscan-api,aarch64-linux
346685487,python313Packages.python-etherscan-api,x86_64-linux
346833819,python313Packages.python-fx,aarch64-linux
346685845,python313Packages.python-prctl,aarch64-linux
346875719,python313Packages.python-redis-lock,aarch64-darwin
346685837,python313Packages.python-registry,aarch64-darwin
346685831,python313Packages.python-registry,aarch64-linux
346685857,python313Packages.python-registry,x86_64-linux
346685937,python313Packages.python-tsp,aarch64-darwin
346686010,python313Packages.python-tsp,aarch64-linux
346685984,python313Packages.python-tsp,x86_64-linux
346834005,python313Packages.pytorch-pfn-extras,aarch64-linux
346834013,python313Packages.pytorch-pfn-extras,x86_64-linux
346686207,python313Packages.pyttsx3,aarch64-darwin
346797902,python313Packages.pyvo,aarch64-darwin
346834034,python313Packages.pyvo,aarch64-linux
346834033,python313Packages.pyvo,x86_64-linux
346797934,python313Packages.pywebview,aarch64-darwin
346686543,python313Packages.qiskit,aarch64-darwin
346686523,python313Packages.qiskit,aarch64-linux
346686563,python313Packages.qiskit,x86_64-linux
347066273,python313Packages.quantulum3,aarch64-darwin
346875760,python313Packages.quantulum3,x86_64-linux
347066274,python313Packages.qudida,aarch64-darwin
346875756,python313Packages.qudida,x86_64-linux
346686691,python313Packages.rapidgzip,x86_64-linux
346797968,python313Packages.ratarmountcore,aarch64-darwin
346834164,python313Packages.ratarmountcore,aarch64-linux
346686753,python313Packages.raylib,aarch64-darwin
346686793,python313Packages.rds2py,aarch64-darwin
346686809,python313Packages.real-ladybug,aarch64-linux
346686817,python313Packages.real-ladybug,x86_64-linux
346686828,python313Packages.recline,aarch64-darwin
346834182,python313Packages.recline,aarch64-linux
346834174,python313Packages.recline,x86_64-linux
347066277,python313Packages.recordlinkage,aarch64-darwin
346875765,python313Packages.recordlinkage,x86_64-linux
346686988,python313Packages.repoze-who,aarch64-darwin
346687026,python313Packages.repoze-who,aarch64-linux
346687027,python313Packages.repoze-who,x86_64-linux
346687101,python313Packages.requests-unixsocket2,aarch64-linux
346687086,python313Packages.requirements-detector,aarch64-darwin
346687091,python313Packages.requirements-detector,aarch64-linux
346687251,python313Packages.requirements-detector,x86_64-linux
347066285,python313Packages.rerun-sdk,aarch64-darwin
346687307,python313Packages.rmsd,aarch64-linux
346687322,python313Packages.rmsd,x86_64-linux
346834397,python313Packages.s3torchconnectorclient,aarch64-linux
346834374,python313Packages.s3torchconnectorclient,x86_64-linux
347066290,python313Packages.saiph,aarch64-darwin
346875793,python313Packages.saiph,x86_64-linux
346834379,python313Packages.sanic,aarch64-linux
346687817,python313Packages.scantree,aarch64-darwin
346798123,python313Packages.scikit-rf,aarch64-darwin
346834424,python313Packages.scikit-rf,aarch64-linux
346834426,python313Packages.scikit-rf,x86_64-linux
346834482,python313Packages.semgrep,aarch64-linux
346834480,python313Packages.semgrep,x86_64-linux
346834494,python313Packages.sendspin,aarch64-linux
346834493,python313Packages.sendspin,x86_64-linux
346688190,python313Packages.setuptools-odoo,aarch64-darwin
346688270,python313Packages.setuptools-odoo,aarch64-linux
346688229,python313Packages.setuptools-odoo,x86_64-linux
346688257,python313Packages.sharp-aquos-rc,aarch64-darwin
346688245,python313Packages.sharp-aquos-rc,aarch64-linux
346688246,python313Packages.sharp-aquos-rc,x86_64-linux
346688344,python313Packages.signalrcore,aarch64-darwin
346688351,python313Packages.signalrcore,aarch64-linux
346688357,python313Packages.signalrcore,x86_64-linux
346875849,python313Packages.silver-platter,aarch64-darwin
346875850,python313Packages.silver-platter,x86_64-linux
346688501,python313Packages.siuba,aarch64-darwin
346688537,python313Packages.siuba,aarch64-linux
346688485,python313Packages.siuba,x86_64-linux
347066331,python313Packages.smartthings-local,aarch64-darwin
346688824,python313Packages.solidpython2,aarch64-darwin
346798296,python313Packages.sourmash,aarch64-darwin
346834677,python313Packages.sourmash,aarch64-linux
346834680,python313Packages.sourmash,x86_64-linux
347066352,python313Packages.spectral-cube,aarch64-darwin
346834709,python313Packages.spectral-cube,aarch64-linux
346834706,python313Packages.spectral-cube,x86_64-linux
346689011,python313Packages.sphinx-automodapi,aarch64-darwin
346689059,python313Packages.sphinx-automodapi,aarch64-linux
346689050,python313Packages.sphinx-automodapi,x86_64-linux
346689477,python313Packages.ssort,aarch64-darwin
346689493,python313Packages.ssort,aarch64-linux
346689486,python313Packages.ssort,x86_64-linux
346798394,python313Packages.stac-validator,aarch64-darwin
346834780,python313Packages.stac-validator,aarch64-linux
346834814,python313Packages.stac-validator,x86_64-linux
346689713,python313Packages.stockfish,aarch64-linux
346689708,python313Packages.stp,aarch64-darwin
347066372,python313Packages.streamz,aarch64-darwin
346689836,python313Packages.stups-zign,aarch64-darwin
346689865,python313Packages.stups-zign,aarch64-linux
346689844,python313Packages.stups-zign,x86_64-linux
347066375,python313Packages.stytra,aarch64-darwin
346834873,python313Packages.stytra,aarch64-linux
346834852,python313Packages.stytra,x86_64-linux
346689862,python313Packages.succulent,aarch64-darwin
346689866,python313Packages.succulent,aarch64-linux
346689886,python313Packages.succulent,x86_64-linux
347066376,python313Packages.sunpy,aarch64-darwin
346834867,python313Packages.sunpy,aarch64-linux
346834887,python313Packages.sunpy,x86_64-linux
346798487,python313Packages.swi-tools,aarch64-darwin
346834929,python313Packages.swi-tools,aarch64-linux
346834907,python313Packages.swi-tools,x86_64-linux
346834917,python313Packages.synchronicity,aarch64-linux
346690197,python313Packages.tcxparser,aarch64-darwin
346690223,python313Packages.tcxparser,aarch64-linux
346690241,python313Packages.tcxparser,x86_64-linux
347066402,python313Packages.tinygrad,aarch64-darwin
346876019,python313Packages.tinygrad,x86_64-linux
346798591,python313Packages.toggl-cli,aarch64-darwin
346835082,python313Packages.toggl-cli,aarch64-linux
346835057,python313Packages.toggl-cli,x86_64-linux
346690769,python313Packages.tololib,aarch64-linux
346798601,python313Packages.torch-checkpointing,aarch64-darwin
346876039,python313Packages.torchWithRocm,x86_64-linux
347066406,python313Packages.torchao,aarch64-darwin
346835097,python313Packages.torchcodec,x86_64-linux
347066407,python313Packages.torchcrepe,aarch64-darwin
347066409,python313Packages.torchdata,aarch64-darwin
346798669,python313Packages.trackpy,aarch64-darwin
346835147,python313Packages.trackpy,x86_64-linux
346692077,python313Packages.trino-python-client,aarch64-darwin
346692117,python313Packages.trino-python-client,aarch64-linux
346692135,python313Packages.trino-python-client,x86_64-linux
347066420,python313Packages.tsfresh,aarch64-darwin
346877043,python313Packages.tsfresh,x86_64-linux
346835882,python313Packages.twill,aarch64-linux
346799051,python313Packages.type-infer,aarch64-darwin
346835919,python313Packages.type-infer,aarch64-linux
346835918,python313Packages.type-infer,x86_64-linux
346693447,python313Packages.types-dateutil,aarch64-darwin
346693465,python313Packages.types-dateutil,aarch64-linux
346693463,python313Packages.types-dateutil,x86_64-linux
346693581,python313Packages.typing-validation,aarch64-darwin
346693582,python313Packages.typing-validation,aarch64-linux
346693584,python313Packages.typing-validation,x86_64-linux
346799449,python313Packages.ultralytics,aarch64-darwin
346693827,python313Packages.unicorn-angr,aarch64-linux
346693832,python313Packages.unicorn-angr,x86_64-linux
346693851,python313Packages.upass,aarch64-darwin
346836713,python313Packages.upass,aarch64-linux
346836705,python313Packages.upass,x86_64-linux
346694022,python313Packages.usbrelay-py,aarch64-linux
346693995,python313Packages.usbrelay-py,x86_64-linux
346836741,python313Packages.uvicorn-worker,aarch64-linux
347066426,python313Packages.vega,aarch64-darwin
346877071,python313Packages.vega,x86_64-linux
347066427,python313Packages.vegafusion,aarch64-darwin
346694203,python313Packages.vina,aarch64-darwin
346694217,python313Packages.vina,aarch64-linux
346694228,python313Packages.vina,x86_64-linux
346694274,python313Packages.vnoise,aarch64-darwin
346694298,python313Packages.vnoise,aarch64-linux
346694256,python313Packages.vnoise,x86_64-linux
347066428,python313Packages.vowpalwabbit,aarch64-darwin
346694349,python313Packages.vprof,aarch64-darwin
346694308,python313Packages.vprof,aarch64-linux
346694322,python313Packages.vprof,x86_64-linux
346799512,python313Packages.vsts,aarch64-darwin
346836807,python313Packages.vsts,aarch64-linux
346836841,python313Packages.vsts,x86_64-linux
346694347,python313Packages.vyper,aarch64-darwin
346694348,python313Packages.vyper,aarch64-linux
346694355,python313Packages.vyper,x86_64-linux
346694448,python313Packages.watchdog-gevent,aarch64-darwin
347066435,python313Packages.wgpu-py,aarch64-darwin
346694590,python313Packages.wgpu-py,aarch64-linux
346694594,python313Packages.wgpu-py,x86_64-linux
346694758,python313Packages.ws4py,aarch64-darwin
346694868,python313Packages.xdis,aarch64-darwin
346694869,python313Packages.xdis,aarch64-linux
346694872,python313Packages.xdis,x86_64-linux
346836964,python313Packages.xgrammar,aarch64-linux
346836965,python313Packages.xgrammar,x86_64-linux
346799655,python313Packages.xnatpy,aarch64-darwin
346836980,python313Packages.xnatpy,aarch64-linux
346836976,python313Packages.xnatpy,x86_64-linux
346694972,python313Packages.xrootd,aarch64-darwin
346694975,python313Packages.xrootd,aarch64-linux
346694974,python313Packages.xrootd,x86_64-linux
346695057,python313Packages.xtensor-python,aarch64-linux
346695083,python313Packages.xtensor-python,x86_64-linux
346799600,python313Packages.yalexs,aarch64-darwin
346836990,python313Packages.yalexs,aarch64-linux
346836986,python313Packages.yalexs,x86_64-linux
346695086,python313Packages.yargy,aarch64-darwin
346695088,python313Packages.yargy,aarch64-linux
346695089,python313Packages.yargy,x86_64-linux
347066447,python313Packages.ydata-profiling,aarch64-darwin
346837038,python313Packages.ydata-profiling,aarch64-linux
346837010,python313Packages.ydata-profiling,x86_64-linux
346695234,python313Packages.zc-buildout,aarch64-darwin
346695297,python313Packages.zc-buildout,aarch64-linux
346695220,python313Packages.zc-buildout,x86_64-linux
346695231,python313Packages.zcbor,aarch64-darwin
346695225,python313Packages.zcbor,aarch64-linux
346695259,python313Packages.zcbor,x86_64-linux
346695431,python313Packages.zulip-emoji-mapping,aarch64-darwin
346695462,python313Packages.zulip-emoji-mapping,aarch64-linux
346695417,python313Packages.zulip-emoji-mapping,x86_64-linux
346799742,python314Packages.aiohttp-client-cache,aarch64-darwin
346837263,python314Packages.aiohttp-client-cache,aarch64-linux
346837254,python314Packages.aiohttp-client-cache,x86_64-linux
346799766,python314Packages.aiohttp-remotes,aarch64-darwin
346837250,python314Packages.aiohttp-remotes,aarch64-linux
346837312,python314Packages.aiohttp-remotes,x86_64-linux
346695960,python314Packages.aiokef,aarch64-darwin
346695972,python314Packages.aiokef,aarch64-linux
346695963,python314Packages.aiokef,x86_64-linux
346799807,python314Packages.aiosonic,aarch64-darwin
346799813,python314Packages.aiovban-pyaudio,aarch64-darwin
346837454,python314Packages.aiovban-pyaudio,aarch64-linux
346837413,python314Packages.aiovban-pyaudio,x86_64-linux
346697211,python314Packages.allure-pytest,aarch64-darwin
346697235,python314Packages.allure-pytest,aarch64-linux
346697209,python314Packages.allure-pytest,x86_64-linux
346697237,python314Packages.allure-python-commons-test,aarch64-darwin
346697213,python314Packages.allure-python-commons-test,aarch64-linux
346697234,python314Packages.allure-python-commons-test,x86_64-linux
347066460,python314Packages.alphashape,aarch64-darwin
346697265,python314Packages.amazon-ion,aarch64-darwin
346799914,python314Packages.angr,aarch64-darwin
346837566,python314Packages.angr,aarch64-linux
346837535,python314Packages.angr,x86_64-linux
346799889,python314Packages.anki-mac-helper,aarch64-darwin
346799906,python314Packages.aocd,aarch64-darwin
346837583,python314Packages.aocd,aarch64-linux
346837560,python314Packages.aocd,x86_64-linux
346799943,python314Packages.arelle-headless,aarch64-darwin
346837604,python314Packages.arelle-headless,aarch64-linux
346837599,python314Packages.arelle-headless,x86_64-linux
346799945,python314Packages.arelle,aarch64-darwin
346837622,python314Packages.arelle,aarch64-linux
346837595,python314Packages.arelle,x86_64-linux
346799946,python314Packages.ariadne,aarch64-darwin
346697829,python314Packages.astropy-helpers,aarch64-darwin
346697826,python314Packages.astropy-helpers,aarch64-linux
346697820,python314Packages.astropy-helpers,x86_64-linux
346837707,python314Packages.atopile,aarch64-linux
346837753,python314Packages.atopile,x86_64-linux
346799999,python314Packages.authcaptureproxy,aarch64-darwin
346837694,python314Packages.authcaptureproxy,aarch64-linux
346837695,python314Packages.authcaptureproxy,x86_64-linux
347066492,python314Packages.bayesian-optimization,aarch64-darwin
346698732,python314Packages.bayespy,aarch64-darwin
346698797,python314Packages.bayespy,aarch64-linux
346698741,python314Packages.bayespy,x86_64-linux
346800195,python314Packages.bbox,aarch64-darwin
346838036,python314Packages.bbox,aarch64-linux
346838035,python314Packages.bbox,x86_64-linux
346800193,python314Packages.beanhub-cli,aarch64-darwin
346838047,python314Packages.beanhub-cli,aarch64-linux
346838060,python314Packages.beanhub-cli,x86_64-linux
346800225,python314Packages.bizkaibus,aarch64-darwin
346838118,python314Packages.bizkaibus,aarch64-linux
346838109,python314Packages.bizkaibus,x86_64-linux
346800230,python314Packages.blastdns,aarch64-darwin
346800261,python314Packages.borb,aarch64-darwin
346838138,python314Packages.borb,aarch64-linux
346838155,python314Packages.borb,x86_64-linux
346699354,python314Packages.brian2,aarch64-darwin
346699365,python314Packages.brian2,aarch64-linux
346699333,python314Packages.brian2,x86_64-linux
346800266,python314Packages.brotli-asgi,aarch64-darwin
346838193,python314Packages.brotli-asgi,aarch64-linux
346838165,python314Packages.brotli-asgi,x86_64-linux
346699461,python314Packages.busypie,aarch64-darwin
346699573,python314Packages.canopen,aarch64-darwin
346800318,python314Packages.capa,aarch64-darwin
346838250,python314Packages.capa,aarch64-linux
346838246,python314Packages.capa,x86_64-linux
346699568,python314Packages.capstone_4,aarch64-darwin
346699581,python314Packages.capstone_4,aarch64-linux
346699569,python314Packages.capstone_4,x86_64-linux
347066510,python314Packages.category-encoders,aarch64-darwin
346877265,python314Packages.category-encoders,x86_64-linux
346699806,python314Packages.cement,aarch64-linux
346699760,python314Packages.cement,x86_64-linux
346699699,python314Packages.cert-chain-resolver,aarch64-darwin
346699830,python314Packages.cert-chain-resolver,aarch64-linux
346699754,python314Packages.cert-chain-resolver,x86_64-linux
346699841,python314Packages.cgal,aarch64-linux
346699804,python314Packages.cgal,x86_64-linux
347066518,python314Packages.chirpstack-api,aarch64-darwin
346838303,python314Packages.chirpstack-api,aarch64-linux
346838293,python314Packages.chirpstack-api,x86_64-linux
346699980,python314Packages.cinemagoer,aarch64-darwin
346699888,python314Packages.cinemagoer,aarch64-linux
346699900,python314Packages.cinemagoer,x86_64-linux
346699950,python314Packages.class-doc,aarch64-darwin
346699994,python314Packages.class-doc,aarch64-linux
346699954,python314Packages.class-doc,x86_64-linux
346800409,python314Packages.clip,aarch64-darwin
346838353,python314Packages.clip,aarch64-linux
346838350,python314Packages.clip,x86_64-linux
346700121,python314Packages.clx-sdk-xms,aarch64-darwin
346700158,python314Packages.clx-sdk-xms,aarch64-linux
346700182,python314Packages.clx-sdk-xms,x86_64-linux
346784583,python314Packages.colcon-argcomplete,aarch64-darwin
346784600,python314Packages.colcon-argcomplete,aarch64-linux
346784584,python314Packages.colcon-argcomplete,x86_64-linux
347066537,python314Packages.compressed-tensors,aarch64-darwin
346700520,python314Packages.confight,aarch64-darwin
346700521,python314Packages.confight,aarch64-linux
346700523,python314Packages.confight,x86_64-linux
346800426,python314Packages.connect-box,aarch64-darwin
346838430,python314Packages.connect-box,aarch64-linux
346838406,python314Packages.connect-box,x86_64-linux
346800446,python314Packages.connexion,aarch64-darwin
346838409,python314Packages.connexion,aarch64-linux
346838422,python314Packages.connexion,x86_64-linux
346700749,python314Packages.cornice,aarch64-darwin
346700673,python314Packages.cornice,aarch64-linux
346700675,python314Packages.cornice,x86_64-linux
346838450,python314Packages.credsweeper,aarch64-linux
346700980,python314Packages.cx-freeze,aarch64-linux
346800531,python314Packages.dartsim,aarch64-linux
346800512,python314Packages.dartsim,x86_64-linux
346838533,python314Packages.dashscope,aarch64-linux
347066567,python314Packages.dask-ml,aarch64-darwin
346877376,python314Packages.dask-ml,x86_64-linux
346701187,python314Packages.dataclass-csv,aarch64-darwin
346701182,python314Packages.dataclass-csv,aarch64-linux
346701166,python314Packages.dataclass-csv,x86_64-linux
347066565,python314Packages.datafusion,aarch64-darwin
347066571,python314Packages.datashader,aarch64-darwin
346877386,python314Packages.datashader,x86_64-linux
347066572,python314Packages.datashaper,aarch64-darwin
346877398,python314Packages.datashaper,x86_64-linux
346800570,python314Packages.dbt-common,aarch64-darwin
346838595,python314Packages.dbt-common,aarch64-linux
346838594,python314Packages.dbt-common,x86_64-linux
346800603,python314Packages.deebot-client,aarch64-darwin
346838625,python314Packages.deepwave,x86_64-linux
346701409,python314Packages.deform,aarch64-darwin
346701445,python314Packages.deform,aarch64-linux
346701419,python314Packages.deform,x86_64-linux
346800598,python314Packages.deid,aarch64-darwin
347066576,python314Packages.deltalake,aarch64-darwin
346701559,python314Packages.dicomweb-client,aarch64-darwin
346800630,python314Packages.disnake,aarch64-darwin
346838693,python314Packages.disnake,aarch64-linux
346838715,python314Packages.disnake,x86_64-linux
346800707,python314Packages.django-currentuser,aarch64-darwin
346838781,python314Packages.django-currentuser,aarch64-linux
346838814,python314Packages.django-currentuser,x86_64-linux
346877629,python314Packages.django-q2,aarch64-linux
346877628,python314Packages.django-q2,x86_64-linux
346839096,python314Packages.djvulibre-python,aarch64-darwin
346702450,python314Packages.dlib,aarch64-darwin
346839140,python314Packages.dragonfly,aarch64-linux
346839169,python314Packages.dragonfly,x86_64-linux
346839132,python314Packages.dramatiq,aarch64-linux
347066608,python314Packages.dspy,aarch64-darwin
346702781,python314Packages.dtschema,aarch64-linux
346702811,python314Packages.dtschema,x86_64-linux
346702795,python314Packages.duct-py,aarch64-darwin
346702789,python314Packages.duct-py,aarch64-linux
346702810,python314Packages.duct-py,x86_64-linux
346702976,python314Packages.editdistpy,aarch64-darwin
346702994,python314Packages.editdistpy,aarch64-linux
346702990,python314Packages.editdistpy,x86_64-linux
346703017,python314Packages.effect,aarch64-darwin
346703013,python314Packages.effect,aarch64-linux
346703019,python314Packages.effect,x86_64-linux
346800965,python314Packages.elastic-apm,aarch64-darwin
346839275,python314Packages.elastic-apm,aarch64-linux
346839305,python314Packages.elastic-apm,x86_64-linux
346800961,python314Packages.emborg,aarch64-darwin
346839296,python314Packages.emborg,aarch64-linux
346839298,python314Packages.emborg,x86_64-linux
346703224,python314Packages.epaper-dithering,aarch64-darwin
346800997,python314Packages.es-client,aarch64-darwin
346839351,python314Packages.es-client,aarch64-linux
346839350,python314Packages.es-client,x86_64-linux
346839396,python314Packages.essentials,aarch64-linux
346703445,python314Packages.exiv2,aarch64-darwin
346703514,python314Packages.expiring-dict,aarch64-darwin
346801057,python314Packages.facenet-pytorch,aarch64-darwin
346839423,python314Packages.facenet-pytorch,aarch64-linux
346839465,python314Packages.facenet-pytorch,x86_64-linux
346703581,python314Packages.falconpy,aarch64-darwin
346703630,python314Packages.falconpy,aarch64-linux
346703597,python314Packages.falconpy,x86_64-linux
346801080,python314Packages.fastapi-versionizer,aarch64-darwin
346839455,python314Packages.fastapi-versionizer,aarch64-linux
346839457,python314Packages.fastapi-versionizer,x86_64-linux
347066630,python314Packages.fastcan,aarch64-darwin
346877874,python314Packages.fastcan,x86_64-linux
346801104,python314Packages.fhir-py,aarch64-darwin
346839521,python314Packages.fhir-py,aarch64-linux
346839527,python314Packages.fhir-py,x86_64-linux
346801115,python314Packages.filterpy,aarch64-darwin
346839581,python314Packages.firedrake,aarch64-linux
346839571,python314Packages.firedrake,x86_64-linux
346704244,python314Packages.flask-versioned,aarch64-darwin
346704180,python314Packages.flask-versioned,aarch64-linux
346704224,python314Packages.flask-versioned,x86_64-linux
346704231,python314Packages.flickrapi,aarch64-darwin
346704232,python314Packages.flickrapi,aarch64-linux
346704270,python314Packages.flickrapi,x86_64-linux
346704263,python314Packages.floret,aarch64-linux
346704252,python314Packages.floret,x86_64-linux
346839654,python314Packages.funsor,aarch64-linux
346801207,python314Packages.gdcm,aarch64-darwin
346839684,python314Packages.gdcm,aarch64-linux
346839692,python314Packages.gdcm,x86_64-linux
346839756,python314Packages.gilknocker,aarch64-linux
346801297,python314Packages.glueviz,aarch64-darwin
346839833,python314Packages.glueviz,aarch64-linux
346839785,python314Packages.glueviz,x86_64-linux
346839917,python314Packages.google-nest-sdm,aarch64-linux
347066740,python314Packages.gradio,aarch64-darwin
346839965,python314Packages.graph-tool,aarch64-darwin
346801378,python314Packages.graphite-web,aarch64-darwin
346840004,python314Packages.graphite-web,aarch64-linux
346839978,python314Packages.graphite-web,x86_64-linux
346705407,python314Packages.graphql-subscription-manager,aarch64-darwin
346705458,python314Packages.graphql-subscription-manager,aarch64-linux
346705405,python314Packages.graphql-subscription-manager,x86_64-linux
346705668,python314Packages.habitipy,aarch64-darwin
346705669,python314Packages.habitipy,aarch64-linux
346705719,python314Packages.habitipy,x86_64-linux
346705841,python314Packages.heatmiserv3,aarch64-darwin
346705837,python314Packages.heatmiserv3,aarch64-linux
346705864,python314Packages.heatmiserv3,x86_64-linux
346801479,python314Packages.hg-git,aarch64-darwin
346840117,python314Packages.hg-git,aarch64-linux
346840125,python314Packages.hg-git,x86_64-linux
346706078,python314Packages.hoomd-blue,aarch64-linux
346785077,python314Packages.hoomd-blue,x86_64-linux
346706857,python314Packages.hydrogram,aarch64-darwin
346706858,python314Packages.hydrogram,aarch64-linux
346706888,python314Packages.hydrogram,x86_64-linux
346706924,python314Packages.i-pi,aarch64-linux
346706911,python314Packages.i-pi,x86_64-linux
346801541,python314Packages.ignite,aarch64-darwin
346840256,python314Packages.ignite,aarch64-linux
346840264,python314Packages.ignite,x86_64-linux
347066767,python314Packages.imagecorruptions,aarch64-darwin
346840267,python314Packages.imagecorruptions,aarch64-linux
346840272,python314Packages.imagecorruptions,x86_64-linux
347066769,python314Packages.imagededup,aarch64-darwin
346878009,python314Packages.imagededup,x86_64-linux
346801540,python314Packages.imantics,aarch64-darwin
346801552,python314Packages.imantics,aarch64-linux
346707122,python314Packages.imantics,x86_64-linux
347066770,python314Packages.imbalanced-learn,aarch64-darwin
346878004,python314Packages.imbalanced-learn,x86_64-linux
346801577,python314Packages.intensity-normalization,aarch64-darwin
346840326,python314Packages.intensity-normalization,aarch64-linux
346840315,python314Packages.intensity-normalization,x86_64-linux
346801582,python314Packages.invocations,aarch64-darwin
346840331,python314Packages.invocations,aarch64-linux
346840322,python314Packages.invocations,x86_64-linux
346878024,python314Packages.iplotx,x86_64-linux
346707742,python314Packages.iterfzf,aarch64-darwin
346707854,python314Packages.jax-jumpy,aarch64-darwin
346707706,python314Packages.jax-jumpy,aarch64-linux
346707754,python314Packages.jax-jumpy,x86_64-linux
346707766,python314Packages.jenkinsapi,aarch64-darwin
346707798,python314Packages.jenkinsapi,aarch64-linux
346707835,python314Packages.jenkinsapi,x86_64-linux
346707871,python314Packages.json-schema-for-humans,aarch64-darwin
346707891,python314Packages.json-schema-for-humans,aarch64-linux
346707857,python314Packages.json-schema-for-humans,x86_64-linux
346707881,python314Packages.json-tricks,aarch64-darwin
346707873,python314Packages.json-tricks,aarch64-linux
346707919,python314Packages.json-tricks,x86_64-linux
346840437,python314Packages.jupyter-server,aarch64-linux
347066792,python314Packages.kbcstorage,aarch64-darwin
346840513,python314Packages.kbcstorage,aarch64-linux
346840511,python314Packages.kbcstorage,x86_64-linux
346708289,python314Packages.kestra,aarch64-linux
346708298,python314Packages.kestra,x86_64-linux
346801714,python314Packages.kmock,aarch64-darwin
346840572,python314Packages.kopf,aarch64-linux
346840562,python314Packages.kopf,x86_64-linux
347066796,python314Packages.kotsu,aarch64-darwin
346878051,python314Packages.kotsu,x86_64-linux
346708456,python314Packages.kuzu,aarch64-linux
346708481,python314Packages.kuzu,x86_64-linux
347066812,python314Packages.lerobot,aarch64-darwin
346801803,python314Packages.libbs,aarch64-darwin
346840697,python314Packages.libbs,aarch64-linux
346840695,python314Packages.libbs,x86_64-linux
346708977,python314Packages.libxc,aarch64-darwin
346709034,python314Packages.libxc,aarch64-linux
346709001,python314Packages.libxc,x86_64-linux
346709136,python314Packages.line-profiler,aarch64-darwin
346709074,python314Packages.line-profiler,aarch64-linux
346709078,python314Packages.line-profiler,x86_64-linux
347066820,python314Packages.linearmodels,aarch64-darwin
346878097,python314Packages.linearmodels,x86_64-linux
346709129,python314Packages.linode-api,aarch64-darwin
346709110,python314Packages.linode-api,aarch64-linux
346709111,python314Packages.linode-api,x86_64-linux
346709748,python314Packages.mallard-ducktype,aarch64-darwin
346709747,python314Packages.mallard-ducktype,aarch64-linux
346709757,python314Packages.mallard-ducktype,x86_64-linux
346802092,python314Packages.mdtraj,aarch64-darwin
346841080,python314Packages.mdtraj,aarch64-linux
346841113,python314Packages.mdtraj,x86_64-linux
346710121,python314Packages.mergedb,aarch64-darwin
346710110,python314Packages.mergedb,aarch64-linux
346710135,python314Packages.mergedb,x86_64-linux
346802133,python314Packages.mir-eval,aarch64-darwin
346841156,python314Packages.mir-eval,aarch64-linux
346841166,python314Packages.mir-eval,x86_64-linux
346841175,python314Packages.mistral-common,x86_64-linux
346710388,python314Packages.mkdocs-autolinks-plugin,aarch64-darwin
346710397,python314Packages.mkdocs-autolinks-plugin,aarch64-linux
346710398,python314Packages.mkdocs-autolinks-plugin,x86_64-linux
346710509,python314Packages.mkdocs-simple-blog,aarch64-darwin
346710524,python314Packages.mkdocs-simple-blog,aarch64-linux
346710517,python314Packages.mkdocs-simple-blog,x86_64-linux
347066881,python314Packages.mlxtend,aarch64-darwin
346878264,python314Packages.mlxtend,x86_64-linux
346841288,python314Packages.model-hosting-container-standards,aarch64-linux
346710787,python314Packages.monosat,aarch64-darwin
346802235,python314Packages.motmetrics,aarch64-darwin
346841329,python314Packages.motmetrics,aarch64-linux
346841319,python314Packages.motmetrics,x86_64-linux
346802254,python314Packages.mpv,aarch64-darwin
347066892,python314Packages.mrsqm,aarch64-darwin
346878304,python314Packages.mrsqm,x86_64-linux
346711027,python314Packages.mygpoclient,aarch64-darwin
346711029,python314Packages.mygpoclient,aarch64-linux
346712191,python314Packages.nanomsg-python,aarch64-darwin
346712175,python314Packages.nanomsg-python,aarch64-linux
346712187,python314Packages.nanomsg-python,x86_64-linux
346878363,python314Packages.niaarm,x86_64-linux
346802393,python314Packages.noaa-coops,aarch64-darwin
346841597,python314Packages.noaa-coops,aarch64-linux
346841585,python314Packages.noaa-coops,x86_64-linux
346802428,python314Packages.nuclear,aarch64-darwin
346841596,python314Packages.nuclear,aarch64-linux
346841606,python314Packages.nuclear,x86_64-linux
346712707,python314Packages.nuitka,aarch64-linux
346712708,python314Packages.nuitka,x86_64-linux
346841603,python314Packages.numkong,aarch64-linux
346712751,python314Packages.numpy-groupies,aarch64-darwin
346712752,python314Packages.numpy-groupies,aarch64-linux
346712753,python314Packages.numpy-groupies,x86_64-linux
346802489,python314Packages.openai-agents,aarch64-darwin
346841719,python314Packages.openai-agents,aarch64-linux
346841717,python314Packages.openai-agents,x86_64-linux
346713119,python314Packages.openbabel,aarch64-linux
347066929,python314Packages.opencensus-ext-azure,aarch64-darwin
346841716,python314Packages.opencensus-ext-azure,aarch64-linux
346841714,python314Packages.opencensus-ext-azure,x86_64-linux
346713271,python314Packages.opendal,aarch64-darwin
346713425,python314Packages.opendal,aarch64-linux
346713328,python314Packages.opendal,x86_64-linux
346713232,python314Packages.openslide,aarch64-darwin
346713233,python314Packages.openslide,aarch64-linux
346713292,python314Packages.openslide,x86_64-linux
346713478,python314Packages.opentelemetry-instrumentation-system-metrics,aarch64-darwin
346802538,python314Packages.opentelemetry-instrumentation-urllib3,aarch64-darwin
346841771,python314Packages.opentelemetry-instrumentation-urllib3,aarch64-linux
346841800,python314Packages.opentelemetry-instrumentation-urllib3,x86_64-linux
346802554,python314Packages.opentelemetry-propagator-aws-xray,aarch64-darwin
346841770,python314Packages.opentelemetry-propagator-aws-xray,aarch64-linux
346841776,python314Packages.opentelemetry-propagator-aws-xray,x86_64-linux
346802561,python314Packages.optiland,aarch64-darwin
346841791,python314Packages.optiland,aarch64-linux
346713475,python314Packages.opytimark,x86_64-linux
346713506,python314Packages.oscpy,aarch64-darwin
346713623,python314Packages.overpy,aarch64-darwin
346713753,python314Packages.panphon,aarch64-darwin
346713754,python314Packages.panphon,aarch64-linux
346713752,python314Packages.panphon,x86_64-linux
346802618,python314Packages.parsnip,aarch64-darwin
346841894,python314Packages.parsnip,aarch64-linux
346841895,python314Packages.parsnip,x86_64-linux
346713964,python314Packages.pbar,aarch64-darwin
346713931,python314Packages.pbar,aarch64-linux
346713934,python314Packages.pbar,x86_64-linux
346714186,python314Packages.pgsanity,aarch64-darwin
346714221,python314Packages.pgsanity,aarch64-linux
346714187,python314Packages.pgsanity,x86_64-linux
346714201,python314Packages.phe,aarch64-darwin
346714268,python314Packages.phe,aarch64-linux
346714203,python314Packages.phe,x86_64-linux
346714240,python314Packages.phx-class-registry,aarch64-darwin
346714262,python314Packages.phx-class-registry,aarch64-linux
346714241,python314Packages.phx-class-registry,x86_64-linux
346714317,python314Packages.pillowfight,aarch64-darwin
346714322,python314Packages.pillowfight,aarch64-linux
346714321,python314Packages.pillowfight,x86_64-linux
346802686,python314Packages.pint-pandas,aarch64-darwin
346842005,python314Packages.pint-pandas,aarch64-linux
346841992,python314Packages.pint-pandas,x86_64-linux
346785760,python314Packages.piper-phonemize,aarch64-darwin
346802698,python314Packages.planetary-computer,aarch64-darwin
346842020,python314Packages.planetary-computer,aarch64-linux
346842030,python314Packages.planetary-computer,x86_64-linux
346714574,python314Packages.plum-py,aarch64-darwin
346714576,python314Packages.plum-py,aarch64-linux
346714578,python314Packages.plum-py,x86_64-linux
347066981,python314Packages.pmdarima,aarch64-darwin
346878494,python314Packages.pmdarima,x86_64-linux
346842086,python314Packages.powerapi,aarch64-linux
347066985,python314Packages.ppscore,aarch64-darwin
346878502,python314Packages.ppscore,x86_64-linux
346714946,python314Packages.property-cached,aarch64-darwin
346714947,python314Packages.property-cached,aarch64-linux
346714948,python314Packages.property-cached,x86_64-linux
346714959,python314Packages.prosemirror,aarch64-darwin
346715009,python314Packages.prosemirror,aarch64-linux
346714961,python314Packages.prosemirror,x86_64-linux
346802769,python314Packages.proton-core,aarch64-darwin
346802786,python314Packages.pulsar-client,aarch64-darwin
346842157,python314Packages.pulsar-client,aarch64-linux
346842158,python314Packages.pulsar-client,x86_64-linux
346715198,python314Packages.pvlib,aarch64-darwin
346715181,python314Packages.pvlib,aarch64-linux
346715188,python314Packages.pvlib,x86_64-linux
346715238,python314Packages.py-cpuinfo2,aarch64-darwin
346715625,python314Packages.pybloomfilter3,aarch64-darwin
346715627,python314Packages.pybloomfilter3,aarch64-linux
346715628,python314Packages.pybloomfilter3,x86_64-linux
346715898,python314Packages.pycsdr,aarch64-linux
346715977,python314Packages.pycsdr,x86_64-linux
346715875,python314Packages.pycxx,aarch64-darwin
346715866,python314Packages.pycxx,aarch64-linux
346715869,python314Packages.pycxx,x86_64-linux
347067014,python314Packages.pydantic-zarr,aarch64-darwin
346878533,python314Packages.pydantic-zarr,x86_64-linux
346715983,python314Packages.pydiffx,aarch64-darwin
346715984,python314Packages.pydiffx,aarch64-linux
346716012,python314Packages.pydiffx,x86_64-linux
346716085,python314Packages.pyeclib,aarch64-darwin
346716144,python314Packages.pyephember2,aarch64-darwin
346716143,python314Packages.pyephember2,aarch64-linux
346716184,python314Packages.pyephember2,x86_64-linux
346716177,python314Packages.pyexiv2,aarch64-darwin
346716245,python314Packages.pyexiv2,aarch64-linux
346716190,python314Packages.pyexiv2,x86_64-linux
346802947,python314Packages.pyfcm,aarch64-darwin
346842420,python314Packages.pyfcm,aarch64-linux
346842431,python314Packages.pyfcm,x86_64-linux
346716626,python314Packages.pyirishrail,aarch64-darwin
346716583,python314Packages.pyirishrail,aarch64-linux
346716584,python314Packages.pyirishrail,x86_64-linux
346716599,python314Packages.pyitachip2ir,aarch64-darwin
346716654,python314Packages.pykdtree,aarch64-linux
346716822,python314Packages.pylibjpeg-rle,aarch64-darwin
346716854,python314Packages.pylsl,aarch64-darwin
346716905,python314Packages.pymatreader,aarch64-darwin
346716906,python314Packages.pymatreader,aarch64-linux
346716908,python314Packages.pymatreader,x86_64-linux
347067032,python314Packages.pymilvus,aarch64-darwin
346717109,python314Packages.pynest2d,aarch64-linux
346717117,python314Packages.pynest2d,x86_64-linux
346803066,python314Packages.pyosohotwaterapi,aarch64-darwin
346842673,python314Packages.pyosohotwaterapi,aarch64-linux
346842702,python314Packages.pyosohotwaterapi,x86_64-linux
346717340,python314Packages.pyoxipng,x86_64-linux
346842694,python314Packages.pypdf,aarch64-linux
346717578,python314Packages.pyqt3d,aarch64-darwin
346717551,python314Packages.pyqt3d,aarch64-linux
346717522,python314Packages.pyqt3d,x86_64-linux
346717596,python314Packages.pyramid-exclog,aarch64-darwin
346717626,python314Packages.pyramid-exclog,aarch64-linux
346717620,python314Packages.pyramid-exclog,x86_64-linux
346717607,python314Packages.pyramid-multiauth,aarch64-darwin
346717648,python314Packages.pyramid-multiauth,aarch64-linux
346717623,python314Packages.pyramid-multiauth,x86_64-linux
346717907,python314Packages.pyslurm,aarch64-linux
346717908,python314Packages.pyslurm,x86_64-linux
346717927,python314Packages.pysmart,aarch64-darwin
346717920,python314Packages.pysmart,aarch64-linux
346717938,python314Packages.pysmart,x86_64-linux
346717934,python314Packages.pysmbc,aarch64-darwin
346803211,python314Packages.pytelegrambotapi,aarch64-darwin
346718369,python314Packages.pytest-harvest,aarch64-darwin
346718365,python314Packages.pytest-harvest,aarch64-linux
346718337,python314Packages.pytest-harvest,x86_64-linux
346803219,python314Packages.pytest-selenium,aarch64-darwin
346842985,python314Packages.pytest-selenium,aarch64-linux
346843004,python314Packages.pytest-selenium,x86_64-linux
346718745,python314Packages.python-constraint,aarch64-darwin
346718746,python314Packages.python-constraint,aarch64-linux
346718772,python314Packages.python-constraint,x86_64-linux
346718851,python314Packages.python-etherscan-api,aarch64-darwin
346718872,python314Packages.python-etherscan-api,aarch64-linux
346718871,python314Packages.python-etherscan-api,x86_64-linux
346718899,python314Packages.python-fx,aarch64-darwin
346843064,python314Packages.python-fx,aarch64-linux
346843053,python314Packages.python-fx,x86_64-linux
346719297,python314Packages.python-prctl,aarch64-linux
346878661,python314Packages.python-redis-lock,aarch64-darwin
346719204,python314Packages.python-registry,aarch64-darwin
346719197,python314Packages.python-registry,aarch64-linux
346719208,python314Packages.python-registry,x86_64-linux
346719450,python314Packages.python-tsp,aarch64-darwin
346719301,python314Packages.python-tsp,aarch64-linux
346719325,python314Packages.python-tsp,x86_64-linux
346843222,python314Packages.pytorch-pfn-extras,aarch64-linux
346843234,python314Packages.pytorch-pfn-extras,x86_64-linux
346719587,python314Packages.pyttsx3,aarch64-darwin
346803366,python314Packages.pyvo,aarch64-darwin
346843272,python314Packages.pyvo,aarch64-linux
346843270,python314Packages.pyvo,x86_64-linux
346803379,python314Packages.pywebview,aarch64-darwin
346719896,python314Packages.qiskit,aarch64-darwin
346719927,python314Packages.qiskit,aarch64-linux
346719887,python314Packages.qiskit,x86_64-linux
347067068,python314Packages.quantulum3,aarch64-darwin
346878706,python314Packages.quantulum3,x86_64-linux
347067069,python314Packages.qudida,aarch64-darwin
346878705,python314Packages.qudida,x86_64-linux
346720110,python314Packages.rapidgzip,x86_64-linux
346803442,python314Packages.ratarmountcore,aarch64-darwin
346843400,python314Packages.ratarmountcore,aarch64-linux
346720105,python314Packages.raylib,aarch64-darwin
346720138,python314Packages.rds2py,aarch64-darwin
346720239,python314Packages.real-ladybug,aarch64-linux
346720278,python314Packages.real-ladybug,x86_64-linux
346720205,python314Packages.recline,aarch64-darwin
346843446,python314Packages.recline,aarch64-linux
346843414,python314Packages.recline,x86_64-linux
347067072,python314Packages.recordlinkage,aarch64-darwin
346878713,python314Packages.recordlinkage,x86_64-linux
346720370,python314Packages.repoze-who,aarch64-darwin
346720355,python314Packages.repoze-who,aarch64-linux
346720398,python314Packages.repoze-who,x86_64-linux
346720444,python314Packages.requirements-detector,aarch64-darwin
346720528,python314Packages.requirements-detector,aarch64-linux
346720520,python314Packages.requirements-detector,x86_64-linux
346843500,python314Packages.rerun-sdk,aarch64-linux
346720666,python314Packages.rmsd,aarch64-linux
346720668,python314Packages.rmsd,x86_64-linux
346843598,python314Packages.s3torchconnectorclient,aarch64-linux
346843608,python314Packages.s3torchconnectorclient,x86_64-linux
347067085,python314Packages.saiph,aarch64-darwin
346878745,python314Packages.saiph,x86_64-linux
346721135,python314Packages.scantree,aarch64-darwin
346803585,python314Packages.scikit-rf,aarch64-darwin
346843655,python314Packages.scikit-rf,aarch64-linux
346843656,python314Packages.scikit-rf,x86_64-linux
347067108,python314Packages.semgrep,aarch64-darwin
346843710,python314Packages.semgrep,aarch64-linux
346843709,python314Packages.semgrep,x86_64-linux
346843743,python314Packages.sendspin,aarch64-linux
346843721,python314Packages.sendspin,x86_64-linux
346721555,python314Packages.setuptools-odoo,aarch64-darwin
346721592,python314Packages.setuptools-odoo,aarch64-linux
346721576,python314Packages.setuptools-odoo,x86_64-linux
346721611,python314Packages.sharp-aquos-rc,aarch64-darwin
346721706,python314Packages.sharp-aquos-rc,aarch64-linux
346721600,python314Packages.sharp-aquos-rc,x86_64-linux
346721688,python314Packages.signalrcore,aarch64-darwin
346721663,python314Packages.signalrcore,aarch64-linux
346721674,python314Packages.signalrcore,x86_64-linux
346878790,python314Packages.silver-platter,aarch64-darwin
346878812,python314Packages.silver-platter,x86_64-linux
346721725,python314Packages.simple-pid,aarch64-linux
346721874,python314Packages.siuba,aarch64-darwin
346721848,python314Packages.siuba,aarch64-linux
346721883,python314Packages.siuba,x86_64-linux
347067136,python314Packages.snowflake-connector-python,aarch64-darwin
346843900,python314Packages.snowflake-connector-python,aarch64-linux
346843868,python314Packages.snowflake-connector-python,x86_64-linux
346722190,python314Packages.solidpython2,aarch64-darwin
346803757,python314Packages.sourmash,aarch64-darwin
346843965,python314Packages.sourmash,aarch64-linux
346843917,python314Packages.sourmash,x86_64-linux
347067147,python314Packages.spectral-cube,aarch64-darwin
346843935,python314Packages.spectral-cube,aarch64-linux
346843942,python314Packages.spectral-cube,x86_64-linux
346722385,python314Packages.sphinx-automodapi,aarch64-darwin
346722402,python314Packages.sphinx-automodapi,aarch64-linux
346722365,python314Packages.sphinx-automodapi,x86_64-linux
346722831,python314Packages.ssort,aarch64-darwin
346722832,python314Packages.ssort,aarch64-linux
346722839,python314Packages.ssort,x86_64-linux
346803853,python314Packages.stac-validator,aarch64-darwin
346844045,python314Packages.stac-validator,aarch64-linux
346844028,python314Packages.stac-validator,x86_64-linux
346723039,python314Packages.stockfish,aarch64-linux
346723099,python314Packages.stp,aarch64-darwin
346723259,python314Packages.stups-zign,aarch64-darwin
346723209,python314Packages.stups-zign,aarch64-linux
346723188,python314Packages.stups-zign,x86_64-linux
347067170,python314Packages.stytra,aarch64-darwin
346844095,python314Packages.stytra,aarch64-linux
346844090,python314Packages.stytra,x86_64-linux
346723230,python314Packages.succulent,aarch64-darwin
346723212,python314Packages.succulent,aarch64-linux
346723228,python314Packages.succulent,x86_64-linux
347067172,python314Packages.sunpy,aarch64-darwin
346844094,python314Packages.sunpy,aarch64-linux
346844121,python314Packages.sunpy,x86_64-linux
346803981,python314Packages.swi-tools,aarch64-darwin
346844136,python314Packages.swi-tools,aarch64-linux
346844144,python314Packages.swi-tools,x86_64-linux
346844148,python314Packages.synchronicity,aarch64-linux
346723569,python314Packages.tcxparser,aarch64-darwin
346723568,python314Packages.tcxparser,aarch64-linux
346723550,python314Packages.tcxparser,x86_64-linux
347067196,python314Packages.tinygrad,aarch64-darwin
346878956,python314Packages.tinygrad,x86_64-linux
346804050,python314Packages.toggl-cli,aarch64-darwin
346844283,python314Packages.toggl-cli,aarch64-linux
346844279,python314Packages.toggl-cli,x86_64-linux
346724078,python314Packages.tololib,aarch64-linux
346878974,python314Packages.torchWithRocm,x86_64-linux
347067200,python314Packages.torchao,aarch64-darwin
346844322,python314Packages.torchcodec,x86_64-linux
347067203,python314Packages.torchdata,aarch64-darwin
346804113,python314Packages.trackpy,aarch64-darwin
346844368,python314Packages.trackpy,x86_64-linux
346725429,python314Packages.trino-python-client,aarch64-darwin
346725415,python314Packages.trino-python-client,aarch64-linux
346725447,python314Packages.trino-python-client,x86_64-linux
347067214,python314Packages.tsfresh,aarch64-darwin
346879986,python314Packages.tsfresh,x86_64-linux
346845123,python314Packages.twill,aarch64-linux
346804505,python314Packages.type-infer,aarch64-darwin
346845143,python314Packages.type-infer,aarch64-linux
346845149,python314Packages.type-infer,x86_64-linux
346726813,python314Packages.types-dateutil,aarch64-darwin
346726796,python314Packages.types-dateutil,aarch64-linux
346726788,python314Packages.types-dateutil,x86_64-linux
346726909,python314Packages.typing-validation,aarch64-darwin
346726910,python314Packages.typing-validation,aarch64-linux
346726908,python314Packages.typing-validation,x86_64-linux
346804937,python314Packages.ultralytics,aarch64-darwin
346727156,python314Packages.unicorn-angr,aarch64-linux
346727185,python314Packages.unicorn-angr,x86_64-linux
346727177,python314Packages.upass,aarch64-darwin
346845985,python314Packages.upass,aarch64-linux
346845957,python314Packages.upass,x86_64-linux
346727346,python314Packages.usbrelay-py,aarch64-linux
346727381,python314Packages.usbrelay-py,x86_64-linux
347067220,python314Packages.vega,aarch64-darwin
346880005,python314Packages.vega,x86_64-linux
346727618,python314Packages.vina,aarch64-darwin
346727631,python314Packages.vina,aarch64-linux
346727521,python314Packages.vina,x86_64-linux
346727574,python314Packages.vnoise,aarch64-darwin
346727575,python314Packages.vnoise,aarch64-linux
346727579,python314Packages.vnoise,x86_64-linux
347067224,python314Packages.vowpalwabbit,aarch64-darwin
346727630,python314Packages.vprof,aarch64-darwin
346727613,python314Packages.vprof,aarch64-linux
346727632,python314Packages.vprof,x86_64-linux
346805000,python314Packages.vsts,aarch64-darwin
346846030,python314Packages.vsts,aarch64-linux
346846033,python314Packages.vsts,x86_64-linux
346727653,python314Packages.vyper,aarch64-darwin
346727683,python314Packages.vyper,aarch64-linux
346727671,python314Packages.vyper,x86_64-linux
346846107,python314Packages.weaviate-client,aarch64-linux
347067229,python314Packages.wgpu-py,aarch64-darwin
346727911,python314Packages.wgpu-py,aarch64-linux
346727912,python314Packages.wgpu-py,x86_64-linux
346728080,python314Packages.ws4py,aarch64-darwin
346846190,python314Packages.xgrammar,aarch64-linux
346846199,python314Packages.xgrammar,x86_64-linux
346805055,python314Packages.xnatpy,aarch64-darwin
346846202,python314Packages.xnatpy,aarch64-linux
346846201,python314Packages.xnatpy,x86_64-linux
346728293,python314Packages.xrootd,aarch64-darwin
346728294,python314Packages.xrootd,aarch64-linux
346728296,python314Packages.xrootd,x86_64-linux
346728430,python314Packages.xtensor-python,aarch64-linux
346728346,python314Packages.xtensor-python,x86_64-linux
346846208,python314Packages.yalexs,aarch64-linux
346846236,python314Packages.yalexs,x86_64-linux
346728405,python314Packages.yargy,aarch64-darwin
346728407,python314Packages.yargy,aarch64-linux
346728408,python314Packages.yargy,x86_64-linux
346728565,python314Packages.zc-buildout,aarch64-darwin
346728559,python314Packages.zc-buildout,aarch64-linux
346728537,python314Packages.zc-buildout,x86_64-linux
346728554,python314Packages.zcbor,aarch64-darwin
346728541,python314Packages.zcbor,aarch64-linux
346728566,python314Packages.zcbor,x86_64-linux
346846251,python314Packages.zigpy,aarch64-linux
346728730,python314Packages.zulip-emoji-mapping,aarch64-darwin
346728731,python314Packages.zulip-emoji-mapping,aarch64-linux
346728732,python314Packages.zulip-emoji-mapping,x86_64-linux
346846286,qcm,aarch64-linux
346846297,qcm,x86_64-linux
346728900,qdrant,x86_64-linux
346728913,qemu-python-utils,aarch64-darwin
346728943,qgrep,aarch64-darwin
346846305,qgroundcontrol,aarch64-linux
346846308,qgroundcontrol,x86_64-linux
346729027,qlever,aarch64-linux
346729043,qlever,x86_64-linux
346729013,qmasterpassword-wayland,aarch64-linux
346729018,qmasterpassword-wayland,x86_64-linux
346729006,qmasterpassword,aarch64-linux
346729009,qmasterpassword,x86_64-linux
346729019,qmic,aarch64-darwin
346729087,qpid-cpp,aarch64-linux
346729101,qpid-cpp,x86_64-linux
346846417,qstopmotion,aarch64-linux
346846403,qstopmotion,x86_64-linux
346729452,qt6Packages.maplibre-native-qt,aarch64-linux
346729456,qt6Packages.maplibre-native-qt,x86_64-linux
346729759,quassel,aarch64-darwin
346729802,quasselClient,aarch64-darwin
346729769,quasselDaemon,aarch64-darwin
346846444,qui,aarch64-darwin
346729871,quill,aarch64-linux
346729879,quill,x86_64-linux
346729909,qxmledit,aarch64-linux
346729891,qxmledit,x86_64-linux
346846490,radian,aarch64-linux
346805160,radicle-artifact,aarch64-linux
346730125,rapidgzip,x86_64-linux
346730160,rappel,aarch64-linux
346730146,rarezip,aarch64-darwin
346846562,ratpoints,aarch64-darwin
346730255,raylib-games,aarch64-darwin
346846514,rbdoom-3-bfg,aarch64-linux
346846515,rbdoom-3-bfg,x86_64-linux
346730357,rdpgw,aarch64-darwin
346887595,reaper-reapack-extension,x86_64-linux
346730487,reaper-sws-extension,aarch64-darwin
346887597,reaper-sws-extension,x86_64-linux
346846542,recode,aarch64-darwin
346730556,redis-plus-plus,aarch64-linux
346730579,redis-plus-plus,x86_64-linux
346730589,redo-apenwarr,aarch64-darwin
346730658,regbot,aarch64-darwin
346730663,regbot,aarch64-linux
346730677,regbot,x86_64-linux
346730660,regclient,aarch64-darwin
346730662,regclient,aarch64-linux
346730678,regclient,x86_64-linux
346730664,regctl,aarch64-darwin
346730665,regctl,aarch64-linux
346730679,regctl,x86_64-linux
346730714,regsync,aarch64-darwin
346730715,regsync,aarch64-linux
346730716,regsync,x86_64-linux
346730721,reindeer,aarch64-darwin
346730748,remarkable-toolchain,x86_64-linux
346730772,remarkable2-toolchain,x86_64-linux
346846583,rendercv,aarch64-linux
346730886,reproxy,aarch64-linux
346730983,retdec,x86_64-linux
346730988,rethinkdb,aarch64-darwin
346730982,rethinkdb,aarch64-linux
346730991,rethinkdb,x86_64-linux
346805232,rfc-bibtex,aarch64-darwin
346846650,rfc-bibtex,aarch64-linux
346846651,rfc-bibtex,x86_64-linux
346731121,rhvoice,aarch64-darwin
346731272,ristate,aarch64-darwin
346731278,river-bedload,aarch64-linux
346731307,river-bedload,x86_64-linux
346731309,rkdeveloptool-pine64,aarch64-darwin
346732021,rojo,aarch64-linux
346732165,rp,aarch64-linux
346846797,rsop,aarch64-darwin
346846783,rstudio-server,x86_64-linux
346846786,rstudio,x86_64-linux
346732427,rtl_wmbus,aarch64-darwin
346733750,rubyPackages.zookeeper,aarch64-linux
346733742,rubyPackages.zookeeper,x86_64-linux
346735157,rubyPackages_3_3.zookeeper,aarch64-linux
346735427,rubyPackages_3_3.zookeeper,x86_64-linux
346736277,rubyPackages_3_4.zookeeper,aarch64-linux
346736273,rubyPackages_3_4.zookeeper,x86_64-linux
346737562,rubyPackages_4_0.zookeeper,aarch64-linux
346737552,rubyPackages_4_0.zookeeper,x86_64-linux
346737615,runitor,aarch64-linux
346737709,rust-paddle-ocr,aarch64-linux
346737701,rust-paddle-ocr,x86_64-linux
346846857,rustical,aarch64-linux
346737888,rxvt-unicode-unwrapped-emoji,aarch64-linux
346737889,rxvt-unicode-unwrapped-emoji,x86_64-linux
346737885,rxvt-unicode-unwrapped,aarch64-linux
346737886,rxvt-unicode-unwrapped,x86_64-linux
346737940,s3fs,aarch64-darwin
346738072,sail-riscv,aarch64-darwin
346738097,salut,aarch64-linux
346738093,salut,x86_64-linux
346738106,samba4Full,aarch64-darwin
346738107,sambaFull,aarch64-darwin
346738150,samplicator,aarch64-darwin
346846893,satdump,aarch64-linux
346738528,sbclPackages.cl-gtk2-glib,aarch64-darwin
346738526,sbclPackages.cl-gtk2-glib,aarch64-linux
346846910,sbclPackages.cl-gtk4_dot_webkit,x86_64-linux
346738597,sbclPackages.cl-notify,aarch64-darwin
346739364,sbclPackages.qt-libs,aarch64-darwin
346739308,sbclPackages.qt-libs,aarch64-linux
346739269,sbclPackages.qt-libs,x86_64-linux
346739702,scd2html,aarch64-linux
346739686,scd2html,x86_64-linux
346846926,schemes,aarch64-linux
346846928,schemes,x86_64-linux
346744183,schildi-revenge,aarch64-linux
347067279,sdrangel,aarch64-darwin
346740145,see-cat,aarch64-linux
346740140,see-cat,x86_64-linux
346740176,selfci,aarch64-darwin
347067281,semgrep,aarch64-darwin
346846995,semgrep,aarch64-linux
346846993,semgrep,x86_64-linux
346740448,sfcgal,aarch64-darwin
346740449,sfcgal,aarch64-linux
346740450,sfcgal,x86_64-linux
346740558,sgx-psw,x86_64-linux
346805394,shadershark,aarch64-linux
346740547,shadershark,x86_64-linux
346740565,shadowsocks-libev,aarch64-linux
346740555,shadowsocks-libev,x86_64-linux
346740574,shaka-packager,aarch64-darwin
346740575,shaka-packager,aarch64-linux
346740576,shaka-packager,x86_64-linux
346740671,shellshot,aarch64-darwin
346740825,shpool,aarch64-darwin
346847082,shrinkray,aarch64-linux
346740876,sif,aarch64-darwin
346880213,silver-platter,aarch64-darwin
346741635,smplayer,aarch64-linux
346741636,smplayer,x86_64-linux
346741682,snagboot,aarch64-linux
346741685,snagboot,x86_64-linux
346741762,snid,aarch64-darwin
346741812,snort,aarch64-linux
346741813,snort,x86_64-linux
346741837,snpeff,aarch64-darwin
347067297,soapyuhd,aarch64-darwin
346887665,soapyuhd,aarch64-linux
346887663,soapyuhd,x86_64-linux
346741994,solana-agave,aarch64-darwin
346742066,sonobus,aarch64-linux
346742062,sonobus,x86_64-linux
346742112,sosreport,aarch64-linux
346742114,sosreport,x86_64-linux
346847261,soundconverter,aarch64-linux
346847253,soundconverter,x86_64-linux
346742159,source-meta-json-schema,aarch64-darwin
346742257,spades,aarch64-darwin
346742348,speech-denoiser,x86_64-linux
346742347,speech-tools,aarch64-linux
346742363,speech-tools,x86_64-linux
346742417,spglib,aarch64-darwin
346742545,spoofdpi,aarch64-darwin
346742921,sshd-openpgp-auth,aarch64-darwin
346742911,sshd-openpgp-auth,aarch64-linux
346742905,sshd-openpgp-auth,x86_64-linux
346743125,stardust-xr-flatland,aarch64-darwin
346743167,static-server,aarch64-linux
346743297,steghide,aarch64-darwin
346743381,stellar-core,aarch64-linux
346743402,stellar-core,x86_64-linux
346805532,stoat-desktop,aarch64-darwin
346743415,stog,aarch64-darwin
346786673,stoolap,aarch64-linux
346786674,stoolap,x86_64-linux
346743440,stp,aarch64-darwin
346743453,stratisd,x86_64-linux
346743486,strfry,aarch64-linux
346743485,strfry,x86_64-linux
346743514,stripe-cli,aarch64-linux
346847465,sunshine,aarch64-darwin
346805570,supersonic,aarch64-darwin
346743808,supertuxkart-server,aarch64-darwin
346743844,surge-xt,aarch64-linux
346744051,swaymux,aarch64-linux
346744039,swaymux,x86_64-linux
346744066,swc,aarch64-linux
346744073,swc,x86_64-linux
346744088,sweethome3d.application,aarch64-darwin
346847534,swiftclient,aarch64-linux
346744216,swiftshader,aarch64-linux
346744217,swiftshader,x86_64-linux
346805675,switchfin,aarch64-darwin
346744505,syzkaller,aarch64-darwin
346744814,task-master-ai,aarch64-darwin
346744812,task-master-ai,aarch64-linux
346744811,task-master-ai,x86_64-linux
346847624,taskhound,aarch64-linux
346805705,tblite,aarch64-linux
346805704,tblite,x86_64-linux
346744926,tboot,x86_64-linux
346745080,tcl9Packages.tclx,aarch64-darwin
346745105,tcl9Packages.tclx,aarch64-linux
346745081,tcl9Packages.tclx,x86_64-linux
346745146,tcptrack,aarch64-linux
346745149,tcptrack,x86_64-linux
346745276,telemt,aarch64-linux
346847648,televido,aarch64-linux
346847655,televido,x86_64-linux
346745389,tensor,aarch64-darwin
346745655,terraform-providers.cloudposse_utils,aarch64-darwin
346745860,terraform-providers.kreuzwerker_docker,aarch64-darwin
346746430,tests.auto-patchelf-structured-log,aarch64-darwin
346746403,tests.auto-patchelf-structured-log,aarch64-linux
346746409,tests.build-environment-info,aarch64-darwin
346746405,tests.build-environment-info,aarch64-linux
346746406,tests.build-environment-info,x86_64-linux
346746566,tests.cc-multilib-clang,x86_64-linux
346746571,tests.cc-wrapper.default,aarch64-darwin
346746611,tests.cc-wrapper.gccTests.gccMultiStdenv,x86_64-linux
346746609,tests.cc-wrapper.llvmTests.llvmPackages.clang,aarch64-darwin
346746622,tests.cc-wrapper.llvmTests.llvmPackages_18.clang,aarch64-linux
346746601,tests.cc-wrapper.llvmTests.llvmPackages_18.clang,x86_64-linux
346746602,tests.cc-wrapper.llvmTests.llvmPackages_19.clang,aarch64-darwin
346746610,tests.cc-wrapper.llvmTests.llvmPackages_19.libcxx,aarch64-darwin
346746617,tests.cc-wrapper.llvmTests.llvmPackages_20.clang,aarch64-darwin
346746614,tests.cc-wrapper.llvmTests.llvmPackages_21.clang,aarch64-darwin
346746626,tests.cc-wrapper.llvmTests.llvmPackages_22.clang,aarch64-darwin
346746634,tests.cc-wrapper.llvmTests.llvmPackages_23.clang,aarch64-darwin
346747322,tests.hardeningFlags-gcc.fortify3ExplicitEnabledExecTest,aarch64-darwin
346747374,tests.hardeningFlags-gcc.sfa1explicitEnabledExecTest,aarch64-darwin
346747417,tests.hardeningFlags-gcc.sfa3StdenvUnsuppDoesntUnsuppSfa1ExecTest,aarch64-darwin
346747399,tests.hardeningFlags-gcc.sfa3explicitDisabledDoesntDisableSfa1ExecTest,aarch64-darwin
346747426,tests.hardeningFlags-gcc.sfa3explicitEnabledProtectsDefLen1ExecTest,aarch64-darwin
347067455,tests.home-assistant-components.anthropic,x86_64-linux
347067494,tests.home-assistant-components.aws_s3,x86_64-linux
347067608,tests.home-assistant-components.cloudflare_r2,x86_64-linux
347067637,tests.home-assistant-components.conversation,x86_64-linux
347067760,tests.home-assistant-components.easyenergy,x86_64-linux
347067817,tests.home-assistant-components.energyzero,x86_64-linux
347068209,tests.home-assistant-components.idrive_e2,x86_64-linux
347068235,tests.home-assistant-components.imou,x86_64-linux
347069173,tests.home-assistant-components.smtp,x86_64-linux
347069181,tests.home-assistant-components.sofar,x86_64-linux
347069641,tests.home-assistant-components.yardian,x86_64-linux
347069647,tests.home-assistant-components.yoto,x86_64-linux
346750936,tests.testers.hasCmakeConfigModules.eigen-does-not-have-eigen,aarch64-darwin
346805848,tests.testers.runCommand.bork,aarch64-darwin
346850084,tests.testers.runCommand.bork,aarch64-linux
346850092,tests.testers.runCommand.bork,x86_64-linux
346850141,tests.texlive.binaries,aarch64-darwin
346850153,tests.texlive.binaries,aarch64-linux
346850138,tests.texlive.binaries,x86_64-linux
346751564,teyjus,aarch64-darwin
346751630,tgrep,aarch64-linux
346880493,timeshift-minimal,x86_64-linux
346752009,tinycc,aarch64-linux
346752010,tinycc,x86_64-linux
346850330,tlrender,aarch64-linux
346850331,tlrender,x86_64-linux
346805942,todds,aarch64-linux
346752534,tokscale,aarch64-darwin
346752539,tokscale,aarch64-linux
346752544,tokscale,x86_64-linux
346752710,toxiproxy,aarch64-linux
346752803,tpm2-totp,aarch64-darwin
346752768,tpnote,aarch64-linux
346752810,tracy,aarch64-linux
346752812,tracy,x86_64-linux
346752839,tracy_0_11,aarch64-linux
346752824,tracy_0_11,x86_64-linux
346752827,tracy_0_12,aarch64-linux
346752848,tracy_0_12,x86_64-linux
346752816,tracy_0_13,aarch64-linux
346752818,tracy_0_13,x86_64-linux
346752876,transgui,x86_64-linux
346752870,translatelocally,aarch64-linux
346752868,translatelocally,x86_64-linux
346754128,trinity,aarch64-linux
346754118,trinity,x86_64-linux
346754173,trunk,x86_64-linux
346754206,ts-warp,aarch64-darwin
346754288,tt-metal,aarch64-linux
346786971,tt-metal,x86_64-linux
346754281,tt-umd,aarch64-linux
346754282,tt-umd,x86_64-linux
346805998,tuir,aarch64-darwin
346850463,tuir,aarch64-linux
346850456,tuir,x86_64-linux
346850459,tuliprox,aarch64-darwin
346850460,tuliprox,aarch64-linux
346754487,turnstile,aarch64-darwin
346754575,twiggy,aarch64-darwin
346754794,ubootBananaPim64,aarch64-linux
346754821,ubootCM3588NAS,aarch64-linux
346754796,ubootNanoPCT6,aarch64-linux
346754790,ubootNanoPiR5S,aarch64-linux
346754816,ubootOdroidC2,aarch64-linux
346754805,ubootOlimexA64Olinuxino,aarch64-linux
346754808,ubootOlimexA64Teres1,aarch64-linux
346754806,ubootOrangePi3,aarch64-linux
346754801,ubootOrangePi3B,aarch64-linux
346754795,ubootOrangePi5,aarch64-linux
346754802,ubootOrangePi5Max,aarch64-linux
346754797,ubootOrangePi5Plus,aarch64-linux
346754798,ubootOrangePiZero2,aarch64-linux
346754799,ubootOrangePiZero3,aarch64-linux
346754817,ubootOrangePiZeroPlus2H5,aarch64-linux
346754812,ubootPine64,aarch64-linux
346754828,ubootPine64LTS,aarch64-linux
346754803,ubootPinebook,aarch64-linux
346806024,ubootPythonTools.dtoc,aarch64-darwin
346754819,ubootPythonTools.dtoc,aarch64-linux
346754809,ubootPythonTools.dtoc,x86_64-linux
346754822,ubootQemuAarch64,aarch64-linux
346754824,ubootQemuX86,x86_64-linux
346754818,ubootQemuX86_64,x86_64-linux
346754826,ubootQuartz64B,aarch64-linux
346754820,ubootRadxaZero3W,aarch64-linux
346754849,ubootRaspberryPi3_64bit,aarch64-linux
346754823,ubootRaspberryPi4_64bit,aarch64-linux
346754830,ubootRaspberryPiAarch64,aarch64-linux
346754825,ubootRock3C,aarch64-linux
346754835,ubootRock5ModelB,aarch64-linux
346754829,ubootRock5ModelC,aarch64-linux
346754827,ubootRock64,aarch64-linux
346754834,ubootRock64v2,aarch64-linux
346754836,ubootRockPiE,aarch64-linux
346754832,ubootSopine,aarch64-linux
346754837,ubootTuringRK1,aarch64-linux
346754860,ubridge,aarch64-darwin
346754883,ucode,aarch64-darwin
346755102,ulfius,aarch64-darwin
346806033,ultralytics,aarch64-darwin
346806037,undertalemodcli,aarch64-darwin
346755514,unshieldv3,aarch64-darwin
346806051,unsilence,aarch64-darwin
346850567,unsilence,aarch64-linux
346850565,unsilence,x86_64-linux
346755745,usbguard,aarch64-linux
346755726,usbguard,x86_64-linux
346850591,usearch,aarch64-linux
346755850,uucp,aarch64-darwin
346755929,uxn11,aarch64-darwin
346756075,vapoursynth-znedi3,aarch64-linux
346756076,vapoursynth-znedi3,x86_64-linux
346756084,varnish,aarch64-darwin
346756087,varnish80,aarch64-darwin
346756093,varnish80Packages.varnish,aarch64-darwin
346756099,varnishPackages.varnish,aarch64-darwin
346756149,vault-tasks,aarch64-darwin
346756129,vault-tasks,aarch64-linux
346756137,vault-tasks,x86_64-linux
346756169,vc4-newlib,aarch64-darwin
346756172,vcdimager,aarch64-darwin
346756242,vdmfec,aarch64-darwin
346756352,verilator,aarch64-linux
346756353,verilator,x86_64-linux
346850696,versatiles,aarch64-darwin
346756419,vg,aarch64-linux
346756403,vg,x86_64-linux
346850715,video2x,x86_64-linux
346806127,vivictpp,aarch64-darwin
346850765,vivictpp,aarch64-linux
346850767,vivictpp,x86_64-linux
346757972,vixl,aarch64-darwin
346758075,vodozemac-bindings-cpp,aarch64-darwin
346758146,vouch-proxy,aarch64-linux
346758117,vowpal-wabbit,aarch64-darwin
346758113,vowpal-wabbit,aarch64-linux
346758111,vowpal-wabbit,x86_64-linux
346758152,vpp,aarch64-linux
346758156,vpp,x86_64-linux
346758142,vprof,aarch64-darwin
346758144,vprof,aarch64-linux
346758140,vprof,x86_64-linux
346758151,vrb,aarch64-linux
346758153,vrb,x86_64-linux
346806158,vtk_9_6,aarch64-darwin
346850869,vtk_9_6,aarch64-linux
346850868,vtk_9_6,x86_64-linux
346759798,vyper,aarch64-darwin
346759756,vyper,aarch64-linux
346759762,vyper,x86_64-linux
346850890,warzone2100,aarch64-linux
346850901,warzone2100,x86_64-linux
346760171,waylock,aarch64-linux
346760196,wayprompt,aarch64-linux
346760202,wayprompt,x86_64-linux
346760326,webdev,aarch64-linux
346760378,webdev,x86_64-linux
346760447,werf,aarch64-darwin
346760534,whale,aarch64-darwin
346760586,whitesur-gtk-theme,aarch64-darwin
346760789,wire-desktop,aarch64-darwin
346761310,wownero,aarch64-darwin
346761380,wsjtz,aarch64-linux
346761383,wsjtz,x86_64-linux
346761456,wxc,aarch64-darwin
346851150,x11basic,aarch64-linux
346851153,x11basic,x86_64-linux
346761638,xautocfg,aarch64-linux
346761630,xautocfg,x86_64-linux
346761736,xcbuild,aarch64-linux
346761706,xcbuild,x86_64-linux
346761725,xcodebuild,aarch64-linux
346761726,xcodebuild,x86_64-linux
346761754,xcpc,aarch64-linux
346761753,xcpc,x86_64-linux
346761868,xdriinfo,aarch64-darwin
346761898,xephem,aarch64-darwin
346762153,xfitter,aarch64-darwin
346762192,xhosts,aarch64-darwin
346762308,xml-security-c,aarch64-linux
346762309,xml-security-c,x86_64-linux
346762470,xonotic-dedicated-unwrapped,aarch64-darwin
346762425,xonotic-sdl-unwrapped,aarch64-darwin
346851250,xpano,aarch64-linux
346762615,xsnow,aarch64-linux
346762646,xstow,aarch64-darwin
346762795,yaegi,aarch64-linux
346851360,yap,x86_64-linux
346763605,zat,aarch64-linux
346763593,zat,x86_64-linux
346763649,zcash,aarch64-linux
346763626,zcash,x86_64-linux
346763775,zeroc-ice-cpp11,aarch64-linux
346763783,zeroc-ice-cpp11,x86_64-linux
346763774,zeroc-ice,aarch64-linux
346763773,zeroc-ice,x86_64-linux
346787198,zerofs,aarch64-darwin
346763871,zf,aarch64-darwin
346763892,zigfetch,aarch64-darwin
346764087,zookeeper_mt,aarch64-darwin
346851445,zrythm,aarch64-linux
346851438,zrythm,x86_64-linux
346806438,zulip-term,aarch64-darwin
346851450,zulip-term,aarch64-linux
346851451,zulip-term,x86_64-linux
346764382,zxtune,aarch64-linux
346764380,zxtune,x86_64-linux
