id,name,system
347082755,ac-library,aarch64-darwin
347082995,actual-server,aarch64-darwin
347083051,aerogramme,aarch64-linux
347083052,aerogramme,x86_64-linux
347846400,aider-chat-full,aarch64-darwin
347846377,aider-chat-full,x86_64-linux
347829140,aider-chat-with-bedrock,aarch64-darwin
347829137,aider-chat-with-bedrock,aarch64-linux
347829134,aider-chat-with-bedrock,x86_64-linux
347829143,aider-chat-with-browser,aarch64-darwin
347829148,aider-chat-with-browser,x86_64-linux
347846405,aider-chat-with-help,aarch64-darwin
347846376,aider-chat-with-help,x86_64-linux
347829138,aider-chat-with-playwright,aarch64-darwin
347829139,aider-chat-with-playwright,aarch64-linux
347829136,aider-chat-with-playwright,x86_64-linux
347829135,aider-chat,aarch64-darwin
347829132,aider-chat,aarch64-linux
347829133,aider-chat,x86_64-linux
347815191,akkoma-admin-fe,aarch64-linux
347815192,akkoma-admin-fe,x86_64-linux
347084628,amnezia-vpn-bin,x86_64-linux
347809814,android-mic,aarch64-linux
347834416,apacheHttpdPackages.mod_tile,aarch64-linux
347834337,apacheHttpdPackages.mod_tile,x86_64-linux
347834417,apacheHttpdPackages_2_4.mod_tile,aarch64-linux
347834393,apacheHttpdPackages_2_4.mod_tile,x86_64-linux
347085381,apt-cacher-ng,aarch64-linux
347085382,apt-cacher-ng,x86_64-linux
347085466,archivemount,aarch64-darwin
347086362,ath9k-htc-blobless-firmware,aarch64-linux
347086372,atinout,aarch64-linux
347086386,atinout,x86_64-linux
347790467,atmos,aarch64-darwin
347829156,atopile,aarch64-linux
347829155,atopile,x86_64-linux
347086787,avro-cpp,aarch64-linux
347086789,avro-cpp,x86_64-linux
347086877,aws-encryption-sdk-cli,aarch64-darwin
347086878,aws-encryption-sdk-cli,aarch64-linux
347086879,aws-encryption-sdk-cli,x86_64-linux
347834435,aws-sam-cli,aarch64-darwin
347086964,ax25-tools,aarch64-linux
347086965,ax25-tools,x86_64-linux
347834449,ayatana-indicator-power,aarch64-linux
347834447,ayatana-indicator-session,aarch64-linux
347790482,azahar,aarch64-darwin
347087028,azure-cli-extensions.acrcssc,aarch64-darwin
347087029,azure-cli-extensions.acrcssc,aarch64-linux
347087033,azure-cli-extensions.acrcssc,x86_64-linux
347087057,azure-cli-extensions.aksarc,aarch64-darwin
347087158,azure-cli-extensions.aksarc,aarch64-linux
347087062,azure-cli-extensions.aksarc,x86_64-linux
347087058,azure-cli-extensions.alias,aarch64-darwin
347087061,azure-cli-extensions.alias,aarch64-linux
347087064,azure-cli-extensions.alias,x86_64-linux
347087068,azure-cli-extensions.aosm,aarch64-darwin
347087069,azure-cli-extensions.aosm,aarch64-linux
347087075,azure-cli-extensions.aosm,x86_64-linux
347087440,azure-cli-extensions.arcappliance,aarch64-darwin
347087081,azure-cli-extensions.arcappliance,aarch64-linux
347087087,azure-cli-extensions.arcappliance,x86_64-linux
347087082,azure-cli-extensions.arcdata,aarch64-darwin
347087102,azure-cli-extensions.arcdata,aarch64-linux
347087083,azure-cli-extensions.arcdata,x86_64-linux
347087095,azure-cli-extensions.attestation,aarch64-darwin
347087097,azure-cli-extensions.attestation,aarch64-linux
347087096,azure-cli-extensions.attestation,x86_64-linux
347087260,azure-cli-extensions.cloud-service,aarch64-darwin
347087155,azure-cli-extensions.cloud-service,aarch64-linux
347087154,azure-cli-extensions.cloud-service,x86_64-linux
347087223,azure-cli-extensions.connectedk8s,aarch64-darwin
347087419,azure-cli-extensions.connectedk8s,aarch64-linux
347087212,azure-cli-extensions.connectedk8s,x86_64-linux
347087180,azure-cli-extensions.containerapp,aarch64-darwin
347087178,azure-cli-extensions.containerapp,aarch64-linux
347087204,azure-cli-extensions.containerapp,x86_64-linux
347087360,azure-cli-extensions.k8s-configuration,aarch64-darwin
347087361,azure-cli-extensions.k8s-configuration,aarch64-linux
347087362,azure-cli-extensions.k8s-configuration,x86_64-linux
347087370,azure-cli-extensions.k8s-extension,aarch64-darwin
347087492,azure-cli-extensions.k8s-extension,aarch64-linux
347087363,azure-cli-extensions.k8s-extension,x86_64-linux
347087496,azure-cli-extensions.redisenterprise,aarch64-darwin
347087495,azure-cli-extensions.redisenterprise,aarch64-linux
347087497,azure-cli-extensions.redisenterprise,x86_64-linux
347087531,azure-cli-extensions.serial-console,aarch64-darwin
347087525,azure-cli-extensions.serial-console,aarch64-linux
347087526,azure-cli-extensions.serial-console,x86_64-linux
347087539,azure-cli-extensions.stack-hci-vm,aarch64-darwin
347087543,azure-cli-extensions.stack-hci-vm,aarch64-linux
347087545,azure-cli-extensions.stack-hci-vm,x86_64-linux
347087611,azure-cli-extensions.webpubsub,aarch64-darwin
347087613,azure-cli-extensions.webpubsub,aarch64-linux
347087615,azure-cli-extensions.webpubsub,x86_64-linux
347087637,azure-sdk-for-cpp.core-amqp,aarch64-linux
347087636,azure-sdk-for-cpp.core-amqp,x86_64-linux
347087669,azure-sdk-for-cpp.security-attestation,aarch64-linux
347087670,azure-sdk-for-cpp.security-attestation,x86_64-linux
347087809,badness,aarch64-linux
347087922,barman,aarch64-darwin
347087923,barracuda,x86_64-linux
347088201,beadwork,aarch64-linux
347088693,beanhub-cli,aarch64-darwin
347088748,beanhub-cli,aarch64-linux
347088747,beanhub-cli,x86_64-linux
347088699,beanstalkd,aarch64-darwin
347088792,bender,aarch64-linux
347088797,bender,x86_64-linux
347088934,bibletime,aarch64-linux
347088932,bibletime,x86_64-linux
347088978,biglybt,aarch64-darwin
347834461,bitwarden-desktop,aarch64-linux
347089465,bngblaster,aarch64-linux
347089490,bochs,aarch64-darwin
347089723,boulder,aarch64-darwin
347089833,breakpad,aarch64-linux
347089834,breakpad,x86_64-linux
347089919,brlcad,aarch64-linux
347089935,brlcad,x86_64-linux
347090146,bugdom,aarch64-darwin
347090345,bumblebee-status,aarch64-linux
347090346,bumblebee-status,x86_64-linux
347090568,cadabra2,aarch64-linux
347090612,caffe,aarch64-darwin
347090614,caffe,aarch64-linux
347090613,caffe,x86_64-linux
347090743,calls,x86_64-linux
347090772,canokey-usbip,aarch64-linux
347090773,canokey-usbip,x86_64-linux
347091325,casacore,aarch64-darwin
347091323,casacore,aarch64-linux
347091329,casacore,x86_64-linux
347793882,castero,aarch64-linux
347091378,cataclysm-dda-git,aarch64-linux
347091380,cataclysm-dda-git,x86_64-linux
347091377,cataclysm-dda,aarch64-linux
347091375,cataclysm-dda,x86_64-linux
347091521,cbmbasic,aarch64-darwin
347091700,cdogs-sdl,aarch64-linux
347091709,cdogs-sdl,x86_64-linux
347091783,cernlib,aarch64-linux
347091784,cernlib,x86_64-linux
347092195,chatty,aarch64-linux
347092060,chatty,x86_64-linux
347092665,chickenPackages_5.chickenEggs.fusion-arrays,aarch64-darwin
347092809,chickenPackages_5.chickenEggs.hypergiant,aarch64-darwin
347092895,chickenPackages_5.chickenEggs.libyaml,aarch64-darwin
347092892,chickenPackages_5.chickenEggs.libyaml,aarch64-linux
347094855,chipsec,aarch64-darwin
347094857,chipsec,aarch64-linux
347094859,chipsec,x86_64-linux
347790600,ciphey,aarch64-linux
347095321,clickhouse-lts,aarch64-linux
347095320,clickhouse-lts,x86_64-linux
347095308,clickhouse,aarch64-linux
347095307,clickhouse,x86_64-linux
347095339,clightning,aarch64-linux
347095338,clightning,x86_64-linux
347095355,clipboard-jh,aarch64-linux
347095357,clipboard-jh,x86_64-linux
347095359,clipcat,aarch64-darwin
347095848,cocom-tool-set,aarch64-darwin
347793901,collabora-desktop,aarch64-linux
347793907,collabora-desktop,x86_64-linux
347096442,contour,aarch64-darwin
347096444,contour,aarch64-linux
347096450,contour,x86_64-linux
347096956,coredns,aarch64-darwin
347097026,corrscope,aarch64-darwin
347097136,cosmopolitan,x86_64-linux
347790643,credsweeper,aarch64-linux
347097672,csol,aarch64-darwin
347097865,cups-dymo,aarch64-darwin
347098018,cxxtools,aarch64-linux
347098020,cxxtools,x86_64-linux
347098133,daikhan,aarch64-linux
347098246,dart_frog_cli,aarch64-linux
347098241,dart_frog_cli,x86_64-linux
347098227,dartsim,aarch64-linux
347098230,dartsim,x86_64-linux
347098325,dasher,aarch64-darwin
347829223,dbqn-native,x86_64-linux
347099016,dgop,aarch64-darwin
347099232,digibyte,aarch64-linux
347099231,digibyte,x86_64-linux
347099280,diod,aarch64-linux
347099281,diod,x86_64-linux
347099311,directfb,aarch64-linux
347099313,directfb,x86_64-linux
347804047,disktree,aarch64-linux
347804046,disktree,x86_64-linux
347099432,distant,aarch64-linux
347099540,dleyna,aarch64-darwin
347099594,dmrconfig,aarch64-linux
347099595,dmrconfig,x86_64-linux
347099672,dnslink-std-go,aarch64-darwin
347100575,dovecot_pigeonhole,aarch64-darwin
347100583,dovecot_pigeonhole_2_4,aarch64-darwin
347100867,dt-schema,aarch64-linux
347100861,dt-schema,x86_64-linux
347815393,dump1090-fa,aarch64-linux
347815394,dump1090-fa,x86_64-linux
347101180,dyndnsc,aarch64-darwin
347101183,dyndnsc,aarch64-linux
347101195,dyndnsc,x86_64-linux
347101197,e57inspector,aarch64-linux
347101198,e57inspector,x86_64-linux
347101317,ecapture,aarch64-linux
347101326,ecapture,x86_64-linux
347101588,eggnog-mapper,aarch64-darwin
347101674,ela-widget-tools,aarch64-darwin
347834594,electron_44-bin,aarch64-darwin
347101739,electrum,aarch64-darwin
347101840,elmPackages.elm-doc-preview,aarch64-darwin
347101847,elmPackages.elm-doc-preview,aarch64-linux
347101886,elmPackages.elm-doc-preview,x86_64-linux
347101845,elmPackages.elm-graphql,aarch64-darwin
347101896,elmPackages.elm-graphql,aarch64-linux
347101893,elmPackages.elm-graphql,x86_64-linux
347101880,elmPackages.elm-wrap,aarch64-darwin
347790731,elpa,aarch64-linux
347790719,elpa,x86_64-linux
347101991,emborg,aarch64-darwin
347101987,emborg,aarch64-linux
347101992,emborg,x86_64-linux
347790725,emiluaPlugins.qt6,aarch64-linux
347790741,emiluaPlugins.qt6,x86_64-linux
347102031,emmy-lua-code-style,aarch64-darwin
347102067,empserver,aarch64-linux
347102090,empty-epsilon,aarch64-linux
347102085,empty-epsilon,x86_64-linux
347102111,enca,aarch64-linux
347102343,equalx,aarch64-darwin
347102377,ergoscf,aarch64-linux
347102378,ergoscf,x86_64-linux
347102498,ete-unwrapped,aarch64-darwin
347102497,ete-unwrapped,aarch64-linux
347102503,eternal-terminal,aarch64-linux
347102504,eternal-terminal,x86_64-linux
347102536,etterna,aarch64-linux
347102537,etterna,x86_64-linux
347102651,exatorrent,aarch64-darwin
347102654,excalidraw_export,aarch64-linux
347102655,excalidraw_export,x86_64-linux
347102682,exfat,aarch64-darwin
347102932,factplusplus,aarch64-linux
347102933,factplusplus,x86_64-linux
347815422,fancy-cat,aarch64-darwin
347103103,fastdds,aarch64-linux
347103242,fbv,aarch64-darwin
347103342,fcron,aarch64-darwin
347103385,fedimint,aarch64-linux
347103386,fedimint,x86_64-linux
347103480,ferrishot,aarch64-darwin
347103559,ffmpeg-livepeer,aarch64-darwin
347834641,filen-desktop,aarch64-linux
347834642,filen-desktop,x86_64-linux
347815435,firefox-devedition-unwrapped,aarch64-linux
347104407,fittrackee,x86_64-linux
347104140,flame,aarch64-darwin
347104433,flet-client-flutter,aarch64-darwin
347104276,flex-launcher,aarch64-darwin
347790773,flexget,aarch64-darwin
347104295,flightcore,aarch64-darwin
347104510,fluux-messenger,aarch64-linux
347104841,ford,aarch64-darwin
347104894,fortitude,aarch64-darwin
347104932,foundationdb,aarch64-linux
347104936,foundationdb,x86_64-linux
347104959,foxotron,aarch64-linux
347104957,foxotron,x86_64-linux
347105127,freebsd.makeMinimal,aarch64-darwin
347815453,freebsd.xf86-video-scfb,aarch64-darwin
347105144,freebsd.xf86-video-scfb,aarch64-linux
347105145,freebsd.xf86-video-scfb,x86_64-linux
347105200,freepv,aarch64-darwin
347105230,freeswitch,aarch64-linux
347105229,freeswitch,x86_64-linux
347105401,fsnav,aarch64-linux
347105403,fsnav,x86_64-linux
347105426,fsuae,x86_64-linux
347105569,fwup,aarch64-darwin
347105571,fwup,aarch64-linux
347105610,fwup,x86_64-linux
347105616,g15daemon,aarch64-darwin
347105932,gawkextlib.select,aarch64-darwin
347106014,gccNGPackages.gcc-unwrapped,aarch64-darwin
347106083,gccNGPackages_15.gcc-unwrapped,aarch64-darwin
347106156,gccNGPackages_16.gcc-unwrapped,aarch64-darwin
347106324,gdbuspp,aarch64-linux
347106323,gdbuspp,x86_64-linux
347106362,gdcm,aarch64-darwin
347106367,gdcm,aarch64-linux
347106366,gdcm,x86_64-linux
347106587,gerbera,aarch64-linux
347106596,gerbera,x86_64-linux
347106690,gfal2,aarch64-linux
347106699,gfal2,x86_64-linux
347106923,ghidra-extensions.gnudisassembler,aarch64-linux
347106925,ghidra-extensions.gnudisassembler,x86_64-linux
347107074,gimme-aws-creds,aarch64-darwin
347107076,gimme-aws-creds,aarch64-linux
347107079,gimme-aws-creds,x86_64-linux
347107589,gitbeaker-cli,aarch64-linux
347107795,gittype,x86_64-linux
347459530,glances,aarch64-linux
347107976,globus-cli,aarch64-darwin
347107978,globus-cli,aarch64-linux
347107979,globus-cli,x86_64-linux
347108279,gnat16Packages.gpr2,aarch64-linux
347108280,gnat16Packages.gpr2,x86_64-linux
347108329,gnatPackages.gpr2,aarch64-linux
347108327,gnatPackages.gpr2,x86_64-linux
347790806,gnudatalanguage,aarch64-linux
347112059,goawk,aarch64-linux
347112539,goobook,aarch64-darwin
347112545,goobook,aarch64-linux
347112543,goobook,x86_64-linux
347112567,google-amber,aarch64-linux
347112566,google-amber,x86_64-linux
347815537,goose-cli,aarch64-linux
347815538,goose-cli,x86_64-linux
347112845,goshs,aarch64-darwin
347112877,goxel,aarch64-linux
347112878,goxel,x86_64-linux
347112881,goxlr-utility,aarch64-darwin
347829258,graalvmPackages.graalvm-ce-musl,x86_64-linux
347113264,grafx2,aarch64-darwin
347113511,grass,aarch64-linux
347113400,grass,x86_64-linux
347113451,greenbone-feed-sync,aarch64-darwin
347113551,groestlcoin,aarch64-darwin
347113548,groestlcoin,aarch64-linux
347113552,groestlcoin,x86_64-linux
347113553,groestlcoind,aarch64-darwin
347113558,groestlcoind,aarch64-linux
347113556,groestlcoind,x86_64-linux
347114095,gummy,aarch64-linux
347114096,gummy,x86_64-linux
347114326,halfempty,aarch64-darwin
347114378,handlr-regex,aarch64-linux
347114379,handlr-regex,x86_64-linux
347114375,handlr,aarch64-darwin
347114376,handlr,aarch64-linux
347114377,handlr,x86_64-linux
347114475,hashcash,aarch64-darwin
347114532,haskell.compiler.ghc94,aarch64-linux
347114533,haskell.compiler.ghc94,x86_64-linux
347114536,haskell.compiler.ghc948,aarch64-linux
347114537,haskell.compiler.ghc948,x86_64-linux
347114591,haskell.compiler.native-bignum.ghc94,aarch64-linux
347114598,haskell.compiler.native-bignum.ghc94,x86_64-linux
347114597,haskell.compiler.native-bignum.ghc948,aarch64-linux
347114601,haskell.compiler.native-bignum.ghc948,x86_64-linux
347114676,haskellPackages.AppleScript,aarch64-darwin
347114947,haskellPackages.GOST34112012-Hash,aarch64-darwin
347114948,haskellPackages.GOST34112012-Hash,aarch64-linux
347115105,haskellPackages.HsHTSLib,aarch64-darwin
347117157,haskellPackages.aoc,aarch64-darwin
347117879,haskellPackages.binaryen,aarch64-linux
347117881,haskellPackages.binaryen,x86_64-linux
347118217,haskellPackages.botan-low,aarch64-linux
347118429,haskellPackages.bytestring-encoding,aarch64-darwin
347119597,haskellPackages.copilot-c99,aarch64-darwin
347119711,haskellPackages.cpython,aarch64-linux
347120530,haskellPackages.diagrams-pandoc,aarch64-linux
347121281,haskellPackages.epub-metadata,aarch64-darwin
347121306,haskellPackages.error-codes,aarch64-darwin
347121462,haskellPackages.eventlog-live-otelcol,aarch64-darwin
347121410,haskellPackages.eventlog-live-otelcol,aarch64-linux
347121427,haskellPackages.eventlog-live-otelcol,x86_64-linux
347121450,haskellPackages.executable-hash,aarch64-darwin
347121454,haskellPackages.exinst-base,aarch64-darwin
347122022,haskellPackages.freetype2,aarch64-darwin
347122023,haskellPackages.freetype2,aarch64-linux
347122418,haskellPackages.genvalidity-dirforest,aarch64-darwin
347123061,haskellPackages.gi-gdkx113,aarch64-darwin
347122754,haskellPackages.gi-gdkx114,aarch64-darwin
347122782,haskellPackages.gi-gst,aarch64-darwin
347122781,haskellPackages.gi-gst,aarch64-linux
347122783,haskellPackages.gi-gst,x86_64-linux
347122806,haskellPackages.gi-gtkosxapplication,aarch64-darwin
347122886,haskellPackages.gi-soup3,aarch64-darwin
347829279,haskellPackages.grisette,aarch64-linux
347123781,haskellPackages.gtk-mac-integration,aarch64-darwin
347123785,haskellPackages.gtk-traymanager,aarch64-darwin
347123797,haskellPackages.gtk3-mac-integration,aarch64-darwin
347123947,haskellPackages.hamid,aarch64-darwin
347124281,haskellPackages.hcwiid,aarch64-linux
347124283,haskellPackages.hcwiid,x86_64-linux
347124363,haskellPackages.heftia-effects,aarch64-darwin
347124389,haskellPackages.heph-aligned-storable,aarch64-darwin
347124545,haskellPackages.highlight,aarch64-darwin
347124635,haskellPackages.hlibgit2,aarch64-linux
347125536,haskellPackages.huckleberry,aarch64-darwin
347125555,haskellPackages.hunspell-hs,aarch64-darwin
347125591,haskellPackages.hw-ip,aarch64-darwin
347125582,haskellPackages.hw-ip,aarch64-linux
347125599,haskellPackages.hw-ip,x86_64-linux
347125588,haskellPackages.hw-json-simd,aarch64-darwin
347125585,haskellPackages.hw-json-simd,aarch64-linux
347125616,haskellPackages.hw-streams,aarch64-darwin
347125614,haskellPackages.hw-streams,aarch64-linux
347125609,haskellPackages.hw-streams,x86_64-linux
347125840,haskellPackages.ihp-ide,aarch64-darwin
347125843,haskellPackages.ihp-ide,aarch64-linux
347125844,haskellPackages.ihp-ide,x86_64-linux
347125871,haskellPackages.implicit,aarch64-darwin
347126619,haskellPackages.kqueue,aarch64-darwin
347127057,haskellPackages.libtorch-ffi,aarch64-darwin
347127270,haskellPackages.llvm-tf,aarch64-darwin
347127739,haskellPackages.memcache,aarch64-darwin
347127770,haskellPackages.memzero,aarch64-darwin
347127933,haskellPackages.minici,aarch64-darwin
347127988,haskellPackages.miso-examples,aarch64-linux
347127990,haskellPackages.miso-examples,x86_64-linux
347128123,haskellPackages.monad-bayes,x86_64-linux
347128733,haskellPackages.network-can,aarch64-darwin
347794057,haskellPackages.nix-serve-ng,aarch64-darwin
347131212,haskellPackages.nix-serve-ng,aarch64-linux
347129260,haskellPackages.om-socket,aarch64-darwin
347129204,haskellPackages.om-time,aarch64-darwin
347129845,haskellPackages.pdftotext,aarch64-darwin
347129863,haskellPackages.pdftotext,aarch64-linux
347129867,haskellPackages.pdftotext,x86_64-linux
347129880,haskellPackages.perceptual-hash,aarch64-darwin
347129903,haskellPackages.persistent-pagination,aarch64-darwin
347130009,haskellPackages.ping-wrapper,aarch64-darwin
347130100,haskellPackages.pipes-zlib,aarch64-darwin
347130315,haskellPackages.posix-socket,aarch64-darwin
347130316,haskellPackages.posix-timer,aarch64-darwin
347130320,haskellPackages.posix-waitpid,aarch64-darwin
347130834,haskellPackages.pthread,aarch64-darwin
347131215,haskellPackages.rawfilepath,aarch64-darwin
347131232,haskellPackages.rdtsc-enolan,aarch64-darwin
347131231,haskellPackages.rdtsc-enolan,aarch64-linux
347131229,haskellPackages.rdtsc,aarch64-darwin
347131234,haskellPackages.rdtsc,aarch64-linux
347132144,haskellPackages.sdl2-cairo,aarch64-darwin
347132157,haskellPackages.sdl2-mixer,aarch64-linux
347133127,haskellPackages.sdl2-mixer,x86_64-linux
347132181,haskellPackages.select,aarch64-darwin
347132520,haskellPackages.sha256,aarch64-darwin
347132705,haskellPackages.simdutf,aarch64-linux
347133045,haskellPackages.socket,aarch64-darwin
347133512,haskellPackages.store,aarch64-darwin
347133949,haskellPackages.system-linux-proc,aarch64-darwin
347134037,haskellPackages.tailfile-hinotify,aarch64-darwin
347134293,haskellPackages.termbox-bindings-c,aarch64-darwin
347134778,haskellPackages.timeout-snooze,aarch64-darwin
347134881,haskellPackages.token-limiter-concurrent,aarch64-linux
347135046,haskellPackages.trexio-hs,aarch64-darwin
347136002,haskellPackages.vulkan-utils,x86_64-linux
347136139,haskellPackages.wai-token-bucket-ratelimiter,aarch64-linux
347136546,haskellPackages.xgboost-haskell,x86_64-linux
347136563,haskellPackages.xls,aarch64-darwin
347136637,haskellPackages.xmonad-utils,aarch64-darwin
347137010,haskellPackages.zlib-bytes,aarch64-darwin
347137031,haskellPackages.zot,aarch64-darwin
347137465,hexagonrpc,aarch64-darwin
347137533,hgrep,aarch64-linux
347137582,highlight-assertions,aarch64-linux
347137583,highlight-assertions,x86_64-linux
347137629,hime,aarch64-linux
347137631,hime,x86_64-linux
347137853,home-assistant-custom-components.dreo,x86_64-linux
347138162,home-assistant-custom-components.moonraker,aarch64-linux
347138246,home-assistant-custom-components.moonraker,x86_64-linux
347138244,home-assistant-custom-components.pirate-weather,aarch64-linux
347137926,home-assistant-custom-components.pirate-weather,x86_64-linux
347138345,htmlcxx,aarch64-linux
347138346,htmlcxx,x86_64-linux
347834850,hyprlandPlugins.hyprgrass,aarch64-linux
347834863,hyprlandPlugins.hyprgrass,x86_64-linux
347834854,hyprlandPlugins.hyprspace,aarch64-linux
347834870,hyprlandPlugins.hyprspace,x86_64-linux
347834869,hyprlandPlugins.hyprsplit,aarch64-linux
347834868,hyprlandPlugins.hyprsplit,x86_64-linux
347834857,hyprlandPlugins.imgborders,aarch64-linux
347834862,hyprlandPlugins.imgborders,x86_64-linux
347139837,icesprog,aarch64-darwin
347139846,icinga2,aarch64-linux
347139853,icinga2,x86_64-linux
347139911,iconpack-jade,aarch64-linux
347139912,iconpack-jade,x86_64-linux
347139973,id3,aarch64-darwin
347140084,idrisPackages.eternal,aarch64-darwin
347140159,idrisPackages.mhd,aarch64-darwin
347140170,idrisPackages.pacman,aarch64-darwin
347790877,ieda,aarch64-linux
347790875,ieda,x86_64-linux
347140358,iio-oscilloscope,aarch64-linux
347140359,iio-oscilloscope,x86_64-linux
347140428,imageworsener,aarch64-linux
347140430,imageworsener,x86_64-linux
347140830,inochi-creator,aarch64-linux
347140836,inochi-creator,x86_64-linux
347140910,intel-graphics-compiler,aarch64-linux
347140920,intelli-shell,aarch64-darwin
347140941,intensity-normalization,aarch64-darwin
347140928,intensity-normalization,aarch64-linux
347140938,intensity-normalization,x86_64-linux
347141044,ioq3-scion,aarch64-linux
347141045,ioq3-scion,x86_64-linux
347141060,ios-webkit-debug-proxy,aarch64-linux
347141061,ios-webkit-debug-proxy,x86_64-linux
347141258,ipe,aarch64-linux
347141289,ipe,x86_64-linux
347141272,irods,aarch64-linux
347141273,irods,x86_64-linux
347804140,irrd,aarch64-linux
347804141,irrd,x86_64-linux
347141610,jarl,aarch64-darwin
347829321,jaspr_cli,aarch64-linux
347829320,jaspr_cli,x86_64-linux
347141624,jasterix,aarch64-darwin
347141775,jbofihe,aarch64-darwin
347141910,jerryscript,x86_64-linux
347141951,jetuml,aarch64-darwin
347847211,jj-pre-push,aarch64-darwin
347142117,jogger,aarch64-linux
347142115,jogger,x86_64-linux
347815632,jtdx,aarch64-linux
347815631,jtdx,x86_64-linux
347142497,julia-stable,aarch64-darwin
347142505,julia-stable,aarch64-linux
347142482,julia,aarch64-darwin
347142496,julia,aarch64-linux
347142528,julia_110,aarch64-darwin
347142511,julia_110,aarch64-linux
347142512,julia_110,x86_64-linux
347142524,julia_111,aarch64-darwin
347142518,julia_112-bin,aarch64-linux
347142519,julia_112-bin,x86_64-linux
347142521,julia_113,aarch64-darwin
347142522,julia_113,aarch64-linux
347143819,kdePackages.maplibre-native-qt,aarch64-linux
347143817,kdePackages.maplibre-native-qt,x86_64-linux
347144291,keeperrl,x86_64-linux
347144340,ketch,aarch64-darwin
347829339,key,aarch64-darwin
347144563,kind2,aarch64-linux
347144564,kind2,x86_64-linux
347144902,kodiPackages.plex-for-kodi,aarch64-darwin
347145106,kopuz,aarch64-darwin
347145114,kord,aarch64-linux
347145116,kord,x86_64-linux
347145394,kubectl-kcl,aarch64-linux
347145395,kubectl-kcl,x86_64-linux
347834906,kuro,aarch64-darwin
347145635,kuzu,aarch64-linux
347145638,kuzu,x86_64-linux
347145646,kvmtool,x86_64-linux
347145731,ladybugdb,aarch64-darwin
347145732,ladybugdb,aarch64-linux
347145733,ladybugdb,x86_64-linux
347145867,latte-integrale,aarch64-linux
347145878,latte-integrale,x86_64-linux
347146077,lean,aarch64-linux
347146078,lean,x86_64-linux
347146082,lean2,x86_64-linux
347146084,lean3,aarch64-linux
347146085,lean3,x86_64-linux
347809982,ledfx,aarch64-darwin
347146212,lely-core,aarch64-linux
347146215,lely-core,x86_64-linux
347146261,leo-lang,aarch64-darwin
347146304,lerna_6,aarch64-linux
347146400,lib45d,aarch64-linux
347146401,lib45d,x86_64-linux
347146640,libcardiacarrest,aarch64-darwin
347146806,libcue-lang,aarch64-darwin
347804167,libdht,aarch64-darwin
347147032,libesmtp,aarch64-darwin
347147067,libexecinfo,aarch64-darwin
347147415,libigloo,aarch64-darwin
347147511,libixion,aarch64-darwin
347147565,libkiwix,aarch64-darwin
347147590,liblastfm-vambrose,aarch64-darwin
347459645,liblognorm,aarch64-darwin
347147798,libmspub,aarch64-linux
347147799,libmspub,x86_64-linux
347147923,libnop,aarch64-darwin
347147926,libnop,aarch64-linux
347147925,libnop,x86_64-linux
347147996,libomxil-bellagio,aarch64-linux
347147999,libomxil-bellagio,x86_64-linux
347459652,libopenshot,aarch64-darwin
347459649,libopenshot,aarch64-linux
347459651,libopenshot,x86_64-linux
347148019,libopensmtpd,aarch64-darwin
347148138,libpisp,aarch64-darwin
347148146,libpkgmanifest,aarch64-darwin
347148243,libqxp,aarch64-linux
347148244,libqxp,x86_64-linux
347148251,libr3,aarch64-darwin
347148680,libsForQt5.libcommuni,aarch64-darwin
347148701,libsForQt5.maplibre-native-qt,aarch64-linux
347148702,libsForQt5.maplibre-native-qt,x86_64-linux
347148736,libsForQt5.qoauth,aarch64-darwin
347148797,libsForQt5.qtmpris,aarch64-darwin
347148798,libsForQt5.qtmpris,aarch64-linux
347148799,libsForQt5.qtmpris,x86_64-linux
347791189,libsecretspec,aarch64-darwin
347148966,libserdes,aarch64-darwin
347149069,libspf2,aarch64-darwin
347149137,libtapi,aarch64-linux
347149141,libtas,x86_64-linux
347815726,libtorrent-rasterbar-1_2_x,aarch64-linux
347815722,libtorrent-rasterbar-1_2_x,x86_64-linux
347149740,libzdb,aarch64-linux
347149742,libzdb,x86_64-linux
347149767,lice,aarch64-darwin
347149763,lice,aarch64-linux
347149766,lice,x86_64-linux
347847261,lidarr,aarch64-darwin
347149929,limo,aarch64-linux
347149931,limo,x86_64-linux
347149992,linphonePackages.bc-ispell,aarch64-linux
347149995,linphonePackages.bc-ispell,x86_64-linux
347150113,linuxKernel.packages.linux_5_10.acer-wmi-battery,aarch64-linux
347150103,linuxKernel.packages.linux_5_10.ax99100,aarch64-linux
347150146,linuxKernel.packages.linux_5_10.can-isotp,aarch64-linux
347150159,linuxKernel.packages.linux_5_10.can-isotp,x86_64-linux
347150201,linuxKernel.packages.linux_5_10.chipsec,x86_64-linux
347150136,linuxKernel.packages.linux_5_10.ecapture,aarch64-linux
347150134,linuxKernel.packages.linux_5_10.ecapture,x86_64-linux
347150163,linuxKernel.packages.linux_5_10.it87,x86_64-linux
347150180,linuxKernel.packages.linux_5_10.mbp2018-bridge-drv,aarch64-linux
347150181,linuxKernel.packages.linux_5_10.mbp2018-bridge-drv,x86_64-linux
347150197,linuxKernel.packages.linux_5_10.nvidia_x11_beta_open,aarch64-linux
347150198,linuxKernel.packages.linux_5_10.nvidia_x11_beta_open,x86_64-linux
347150207,linuxKernel.packages.linux_5_10.nvidia_x11_vulkan_beta_open,aarch64-linux
347150208,linuxKernel.packages.linux_5_10.nvidia_x11_vulkan_beta_open,x86_64-linux
347150220,linuxKernel.packages.linux_5_10.pktgen,aarch64-linux
347150222,linuxKernel.packages.linux_5_10.pktgen,x86_64-linux
347150232,linuxKernel.packages.linux_5_10.rtl8188eus-aircrack,aarch64-linux
347150229,linuxKernel.packages.linux_5_10.rtl8188eus-aircrack,x86_64-linux
347150275,linuxKernel.packages.linux_5_10.tbs,aarch64-linux
347150283,linuxKernel.packages.linux_5_10.tsme-test,aarch64-linux
347150289,linuxKernel.packages.linux_5_10.tuxedo-drivers,x86_64-linux
347150285,linuxKernel.packages.linux_5_10.universal-pidff,aarch64-linux
347150287,linuxKernel.packages.linux_5_10.universal-pidff,x86_64-linux
347150308,linuxKernel.packages.linux_5_10.virtualboxGuestAdditions,aarch64-linux
347150304,linuxKernel.packages.linux_5_10.xpadneo,aarch64-linux
347150305,linuxKernel.packages.linux_5_10.xpadneo,x86_64-linux
347150327,linuxKernel.packages.linux_5_15.acer-wmi-battery,aarch64-linux
347150319,linuxKernel.packages.linux_5_15.amneziawg,aarch64-linux
347150344,linuxKernel.packages.linux_5_15.amneziawg,x86_64-linux
347150346,linuxKernel.packages.linux_5_15.ax99100,aarch64-linux
347150414,linuxKernel.packages.linux_5_15.can-isotp,aarch64-linux
347150426,linuxKernel.packages.linux_5_15.can-isotp,x86_64-linux
347150437,linuxKernel.packages.linux_5_15.chipsec,x86_64-linux
347150358,linuxKernel.packages.linux_5_15.ecapture,aarch64-linux
347150357,linuxKernel.packages.linux_5_15.ecapture,x86_64-linux
347150446,linuxKernel.packages.linux_5_15.ena,aarch64-linux
347150360,linuxKernel.packages.linux_5_15.ena,x86_64-linux
347150394,linuxKernel.packages.linux_5_15.lenovo-legion-module,x86_64-linux
347150403,linuxKernel.packages.linux_5_15.mbp2018-bridge-drv,aarch64-linux
347150405,linuxKernel.packages.linux_5_15.mbp2018-bridge-drv,x86_64-linux
347150422,linuxKernel.packages.linux_5_15.nvidia_x11_beta_open,aarch64-linux
347150423,linuxKernel.packages.linux_5_15.nvidia_x11_beta_open,x86_64-linux
347150558,linuxKernel.packages.linux_5_15.nvidia_x11_vulkan_beta_open,aarch64-linux
347150433,linuxKernel.packages.linux_5_15.nvidia_x11_vulkan_beta_open,x86_64-linux
347150453,linuxKernel.packages.linux_5_15.pktgen,aarch64-linux
347150460,linuxKernel.packages.linux_5_15.pktgen,x86_64-linux
347150458,linuxKernel.packages.linux_5_15.rtl8188eus-aircrack,aarch64-linux
347150461,linuxKernel.packages.linux_5_15.rtl8188eus-aircrack,x86_64-linux
347150507,linuxKernel.packages.linux_5_15.tbs,aarch64-linux
347150506,linuxKernel.packages.linux_5_15.tsme-test,aarch64-linux
347150513,linuxKernel.packages.linux_5_15.universal-pidff,aarch64-linux
347150516,linuxKernel.packages.linux_5_15.universal-pidff,x86_64-linux
347150537,linuxKernel.packages.linux_5_15.xpadneo,aarch64-linux
347150541,linuxKernel.packages.linux_5_15.xpadneo,x86_64-linux
347150562,linuxKernel.packages.linux_6_1.acer-wmi-battery,aarch64-linux
347150583,linuxKernel.packages.linux_6_1.ax99100,aarch64-linux
347150603,linuxKernel.packages.linux_6_1.chipsec,x86_64-linux
347150641,linuxKernel.packages.linux_6_1.ecapture,aarch64-linux
347150686,linuxKernel.packages.linux_6_1.ecapture,x86_64-linux
347150637,linuxKernel.packages.linux_6_1.ena,aarch64-linux
347150588,linuxKernel.packages.linux_6_1.ena,x86_64-linux
347150634,linuxKernel.packages.linux_6_1.lenovo-legion-module,x86_64-linux
347150643,linuxKernel.packages.linux_6_1.lttng-modules,aarch64-linux
347150642,linuxKernel.packages.linux_6_1.lttng-modules,x86_64-linux
347150646,linuxKernel.packages.linux_6_1.mbp2018-bridge-drv,aarch64-linux
347150649,linuxKernel.packages.linux_6_1.mbp2018-bridge-drv,x86_64-linux
347150651,linuxKernel.packages.linux_6_1.morse-driver,aarch64-linux
347150650,linuxKernel.packages.linux_6_1.morse-driver,x86_64-linux
347150694,linuxKernel.packages.linux_6_1.pktgen,aarch64-linux
347150707,linuxKernel.packages.linux_6_1.pktgen,x86_64-linux
347150693,linuxKernel.packages.linux_6_1.rtl8188eus-aircrack,aarch64-linux
347150704,linuxKernel.packages.linux_6_1.rtl8188eus-aircrack,x86_64-linux
347150698,linuxKernel.packages.linux_6_1.rtl8192eu,x86_64-linux
347150706,linuxKernel.packages.linux_6_1.rtl8812au,aarch64-linux
347150703,linuxKernel.packages.linux_6_1.rtl8812au,x86_64-linux
347150712,linuxKernel.packages.linux_6_1.rtl8814au,aarch64-linux
347150709,linuxKernel.packages.linux_6_1.rtl8814au,x86_64-linux
347150710,linuxKernel.packages.linux_6_1.rtl8821au,aarch64-linux
347150714,linuxKernel.packages.linux_6_1.rtl8821au,x86_64-linux
347150717,linuxKernel.packages.linux_6_1.rtl8821cu,aarch64-linux
347150715,linuxKernel.packages.linux_6_1.rtl8821cu,x86_64-linux
347150713,linuxKernel.packages.linux_6_1.rtl8852au,x86_64-linux
347150711,linuxKernel.packages.linux_6_1.rtl8852bu,x86_64-linux
347150718,linuxKernel.packages.linux_6_1.rtl88x2bu,aarch64-linux
347150719,linuxKernel.packages.linux_6_1.rtl88x2bu,x86_64-linux
347150716,linuxKernel.packages.linux_6_1.rtl88xxau-aircrack,aarch64-linux
347150720,linuxKernel.packages.linux_6_1.rtl88xxau-aircrack,x86_64-linux
347150740,linuxKernel.packages.linux_6_1.tbs,aarch64-linux
347150748,linuxKernel.packages.linux_6_1.tsme-test,aarch64-linux
347150753,linuxKernel.packages.linux_6_1.universal-pidff,aarch64-linux
347150788,linuxKernel.packages.linux_6_12.acer-wmi-battery,aarch64-linux
347150869,linuxKernel.packages.linux_6_12.chipsec,x86_64-linux
347150817,linuxKernel.packages.linux_6_12.ecapture,aarch64-linux
347150826,linuxKernel.packages.linux_6_12.ecapture,x86_64-linux
347150862,linuxKernel.packages.linux_6_12.lttng-modules,aarch64-linux
347151014,linuxKernel.packages.linux_6_12.lttng-modules,x86_64-linux
347150865,linuxKernel.packages.linux_6_12.mbp2018-bridge-drv,aarch64-linux
347150867,linuxKernel.packages.linux_6_12.mbp2018-bridge-drv,x86_64-linux
347150901,linuxKernel.packages.linux_6_12.pktgen,aarch64-linux
347150924,linuxKernel.packages.linux_6_12.pktgen,x86_64-linux
347150917,linuxKernel.packages.linux_6_12.rtl8188eus-aircrack,aarch64-linux
347150918,linuxKernel.packages.linux_6_12.rtl8188eus-aircrack,x86_64-linux
347150919,linuxKernel.packages.linux_6_12.rtl8189es,aarch64-linux
347150925,linuxKernel.packages.linux_6_12.rtl8189es,x86_64-linux
347150923,linuxKernel.packages.linux_6_12.rtl8189fs,aarch64-linux
347150926,linuxKernel.packages.linux_6_12.rtl8189fs,x86_64-linux
347150927,linuxKernel.packages.linux_6_12.rtl8192eu,x86_64-linux
347150928,linuxKernel.packages.linux_6_12.rtl8723ds,aarch64-linux
347150929,linuxKernel.packages.linux_6_12.rtl8723ds,x86_64-linux
347150934,linuxKernel.packages.linux_6_12.rtl8812au,aarch64-linux
347150933,linuxKernel.packages.linux_6_12.rtl8812au,x86_64-linux
347150930,linuxKernel.packages.linux_6_12.rtl8814au,aarch64-linux
347150932,linuxKernel.packages.linux_6_12.rtl8814au,x86_64-linux
347150931,linuxKernel.packages.linux_6_12.rtl8821cu,aarch64-linux
347150938,linuxKernel.packages.linux_6_12.rtl8821cu,x86_64-linux
347150941,linuxKernel.packages.linux_6_12.rtl8852au,x86_64-linux
347150946,linuxKernel.packages.linux_6_12.rtl88xxau-aircrack,aarch64-linux
347150942,linuxKernel.packages.linux_6_12.rtl88xxau-aircrack,x86_64-linux
347150972,linuxKernel.packages.linux_6_12.tbs,aarch64-linux
347150968,linuxKernel.packages.linux_6_12.tsme-test,aarch64-linux
347151023,linuxKernel.packages.linux_6_18.acer-wmi-battery,aarch64-linux
347151031,linuxKernel.packages.linux_6_18.chipsec,x86_64-linux
347151048,linuxKernel.packages.linux_6_18.ecapture,aarch64-linux
347151069,linuxKernel.packages.linux_6_18.ecapture,x86_64-linux
347151088,linuxKernel.packages.linux_6_18.lttng-modules,aarch64-linux
347151087,linuxKernel.packages.linux_6_18.lttng-modules,x86_64-linux
347151089,linuxKernel.packages.linux_6_18.mbp2018-bridge-drv,aarch64-linux
347151090,linuxKernel.packages.linux_6_18.mbp2018-bridge-drv,x86_64-linux
347151096,linuxKernel.packages.linux_6_18.msi-ec,aarch64-linux
347151130,linuxKernel.packages.linux_6_18.pktgen,aarch64-linux
347151129,linuxKernel.packages.linux_6_18.pktgen,x86_64-linux
347151158,linuxKernel.packages.linux_6_18.shufflecake,aarch64-linux
347151159,linuxKernel.packages.linux_6_18.shufflecake,x86_64-linux
347151174,linuxKernel.packages.linux_6_18.tsme-test,aarch64-linux
347151201,linuxKernel.packages.linux_6_18.vmm_clock,x86_64-linux
347151228,linuxKernel.packages.linux_6_6.acer-wmi-battery,aarch64-linux
347151233,linuxKernel.packages.linux_6_6.ax99100,aarch64-linux
347151243,linuxKernel.packages.linux_6_6.chipsec,x86_64-linux
347151270,linuxKernel.packages.linux_6_6.ecapture,aarch64-linux
347151263,linuxKernel.packages.linux_6_6.ecapture,x86_64-linux
347151306,linuxKernel.packages.linux_6_6.lttng-modules,aarch64-linux
347151307,linuxKernel.packages.linux_6_6.lttng-modules,x86_64-linux
347151308,linuxKernel.packages.linux_6_6.mbp2018-bridge-drv,aarch64-linux
347151310,linuxKernel.packages.linux_6_6.mbp2018-bridge-drv,x86_64-linux
347151355,linuxKernel.packages.linux_6_6.pktgen,aarch64-linux
347151353,linuxKernel.packages.linux_6_6.pktgen,x86_64-linux
347151364,linuxKernel.packages.linux_6_6.rtl8188eus-aircrack,aarch64-linux
347151365,linuxKernel.packages.linux_6_6.rtl8188eus-aircrack,x86_64-linux
347151367,linuxKernel.packages.linux_6_6.rtl8192eu,x86_64-linux
347151371,linuxKernel.packages.linux_6_6.rtl8812au,aarch64-linux
347151373,linuxKernel.packages.linux_6_6.rtl8812au,x86_64-linux
347151374,linuxKernel.packages.linux_6_6.rtl8814au,aarch64-linux
347151375,linuxKernel.packages.linux_6_6.rtl8814au,x86_64-linux
347151376,linuxKernel.packages.linux_6_6.rtl8821au,aarch64-linux
347151379,linuxKernel.packages.linux_6_6.rtl8821au,x86_64-linux
347151377,linuxKernel.packages.linux_6_6.rtl8821cu,aarch64-linux
347151378,linuxKernel.packages.linux_6_6.rtl8821cu,x86_64-linux
347151382,linuxKernel.packages.linux_6_6.rtl8852au,x86_64-linux
347151380,linuxKernel.packages.linux_6_6.rtl8852bu,x86_64-linux
347151381,linuxKernel.packages.linux_6_6.rtl88x2bu,aarch64-linux
347151385,linuxKernel.packages.linux_6_6.rtl88x2bu,x86_64-linux
347151383,linuxKernel.packages.linux_6_6.rtl88xxau-aircrack,aarch64-linux
347151384,linuxKernel.packages.linux_6_6.rtl88xxau-aircrack,x86_64-linux
347151403,linuxKernel.packages.linux_6_6.tbs,aarch64-linux
347151406,linuxKernel.packages.linux_6_6.tbs,x86_64-linux
347151410,linuxKernel.packages.linux_6_6.tsme-test,aarch64-linux
347151415,linuxKernel.packages.linux_6_6.universal-pidff,aarch64-linux
347151436,linuxKernel.packages.linux_6_6.xone,aarch64-linux
347151435,linuxKernel.packages.linux_6_6.xone,x86_64-linux
347151461,linuxKernel.packages.linux_7_2.acer-wmi-battery,aarch64-linux
347151466,linuxKernel.packages.linux_7_2.ajantv2,aarch64-linux
347151472,linuxKernel.packages.linux_7_2.ajantv2,x86_64-linux
347151478,linuxKernel.packages.linux_7_2.chipsec,x86_64-linux
347151477,linuxKernel.packages.linux_7_2.corefreq,aarch64-linux
347151560,linuxKernel.packages.linux_7_2.ecapture,aarch64-linux
347151494,linuxKernel.packages.linux_7_2.ecapture,x86_64-linux
347151500,linuxKernel.packages.linux_7_2.facetimehd,x86_64-linux
347151507,linuxKernel.packages.linux_7_2.gasket,aarch64-linux
347151509,linuxKernel.packages.linux_7_2.gasket,x86_64-linux
347151536,linuxKernel.packages.linux_7_2.lkrg,aarch64-linux
347151537,linuxKernel.packages.linux_7_2.lkrg,x86_64-linux
347151538,linuxKernel.packages.linux_7_2.lttng-modules,aarch64-linux
347151539,linuxKernel.packages.linux_7_2.lttng-modules,x86_64-linux
347151541,linuxKernel.packages.linux_7_2.mbp2018-bridge-drv,aarch64-linux
347151540,linuxKernel.packages.linux_7_2.mbp2018-bridge-drv,x86_64-linux
347151546,linuxKernel.packages.linux_7_2.msi-ec,aarch64-linux
347151557,linuxKernel.packages.linux_7_2.nvidia_x11_beta_open,aarch64-linux
347151556,linuxKernel.packages.linux_7_2.nvidia_x11_beta_open,x86_64-linux
347151564,linuxKernel.packages.linux_7_2.nvidia_x11_vulkan_beta_open,aarch64-linux
347151566,linuxKernel.packages.linux_7_2.nvidia_x11_vulkan_beta_open,x86_64-linux
347151581,linuxKernel.packages.linux_7_2.pktgen,aarch64-linux
347151587,linuxKernel.packages.linux_7_2.pktgen,x86_64-linux
347151593,linuxKernel.packages.linux_7_2.rtl8189es,aarch64-linux
347151595,linuxKernel.packages.linux_7_2.rtl8189es,x86_64-linux
347151594,linuxKernel.packages.linux_7_2.rtl8189fs,aarch64-linux
347151596,linuxKernel.packages.linux_7_2.rtl8189fs,x86_64-linux
347151598,linuxKernel.packages.linux_7_2.rtl8821cu,aarch64-linux
347151599,linuxKernel.packages.linux_7_2.rtl8821cu,x86_64-linux
347151653,linuxKernel.packages.linux_7_2.rtl88x2bu,aarch64-linux
347151600,linuxKernel.packages.linux_7_2.rtl88x2bu,x86_64-linux
347151607,linuxKernel.packages.linux_7_2.shufflecake,aarch64-linux
347151608,linuxKernel.packages.linux_7_2.shufflecake,x86_64-linux
347151620,linuxKernel.packages.linux_7_2.tp_smapi,x86_64-linux
347151623,linuxKernel.packages.linux_7_2.tsme-test,aarch64-linux
347151625,linuxKernel.packages.linux_7_2.tsme-test,x86_64-linux
347151811,linuxKernel.packages.linux_7_2.vmm_clock,x86_64-linux
347151725,linuxKernel.packages.linux_xanmod.chipsec,x86_64-linux
347151691,linuxKernel.packages.linux_xanmod.ecapture,x86_64-linux
347151719,linuxKernel.packages.linux_xanmod.lttng-modules,x86_64-linux
347151720,linuxKernel.packages.linux_xanmod.mbp2018-bridge-drv,x86_64-linux
347151743,linuxKernel.packages.linux_xanmod.pktgen,aarch64-linux
347151746,linuxKernel.packages.linux_xanmod.pktgen,x86_64-linux
347151761,linuxKernel.packages.linux_xanmod.shufflecake,x86_64-linux
347151790,linuxKernel.packages.linux_xanmod.vmm_clock,x86_64-linux
347151823,linuxKernel.packages.linux_xanmod_latest.ajantv2,x86_64-linux
347151819,linuxKernel.packages.linux_xanmod_latest.chipsec,x86_64-linux
347151828,linuxKernel.packages.linux_xanmod_latest.ecapture,x86_64-linux
347151831,linuxKernel.packages.linux_xanmod_latest.facetimehd,x86_64-linux
347151835,linuxKernel.packages.linux_xanmod_latest.gasket,x86_64-linux
347151856,linuxKernel.packages.linux_xanmod_latest.lkrg,x86_64-linux
347151857,linuxKernel.packages.linux_xanmod_latest.lttng-modules,x86_64-linux
347151859,linuxKernel.packages.linux_xanmod_latest.mbp2018-bridge-drv,x86_64-linux
347151869,linuxKernel.packages.linux_xanmod_latest.nvidia_x11_beta_open,x86_64-linux
347151875,linuxKernel.packages.linux_xanmod_latest.nvidia_x11_vulkan_beta_open,x86_64-linux
347151882,linuxKernel.packages.linux_xanmod_latest.pktgen,aarch64-linux
347151883,linuxKernel.packages.linux_xanmod_latest.pktgen,x86_64-linux
347151892,linuxKernel.packages.linux_xanmod_latest.rtl8189es,x86_64-linux
347151893,linuxKernel.packages.linux_xanmod_latest.rtl8189fs,x86_64-linux
347151895,linuxKernel.packages.linux_xanmod_latest.rtl8821cu,x86_64-linux
347151896,linuxKernel.packages.linux_xanmod_latest.rtl88x2bu,x86_64-linux
347151899,linuxKernel.packages.linux_xanmod_latest.shufflecake,x86_64-linux
347151909,linuxKernel.packages.linux_xanmod_latest.tp_smapi,x86_64-linux
347151912,linuxKernel.packages.linux_xanmod_latest.tsme-test,x86_64-linux
347151926,linuxKernel.packages.linux_xanmod_latest.vmm_clock,x86_64-linux
347152013,linuxKernel.packages.linux_xanmod_stable.ajantv2,x86_64-linux
347151953,linuxKernel.packages.linux_xanmod_stable.chipsec,x86_64-linux
347151965,linuxKernel.packages.linux_xanmod_stable.ecapture,x86_64-linux
347151968,linuxKernel.packages.linux_xanmod_stable.facetimehd,x86_64-linux
347151971,linuxKernel.packages.linux_xanmod_stable.gasket,x86_64-linux
347151992,linuxKernel.packages.linux_xanmod_stable.lkrg,x86_64-linux
347151994,linuxKernel.packages.linux_xanmod_stable.lttng-modules,x86_64-linux
347151995,linuxKernel.packages.linux_xanmod_stable.mbp2018-bridge-drv,x86_64-linux
347152006,linuxKernel.packages.linux_xanmod_stable.nvidia_x11_beta_open,x86_64-linux
347152010,linuxKernel.packages.linux_xanmod_stable.nvidia_x11_vulkan_beta_open,x86_64-linux
347152019,linuxKernel.packages.linux_xanmod_stable.pktgen,aarch64-linux
347152027,linuxKernel.packages.linux_xanmod_stable.pktgen,x86_64-linux
347152030,linuxKernel.packages.linux_xanmod_stable.rtl8189es,x86_64-linux
347152031,linuxKernel.packages.linux_xanmod_stable.rtl8189fs,x86_64-linux
347152032,linuxKernel.packages.linux_xanmod_stable.rtl8821cu,x86_64-linux
347152033,linuxKernel.packages.linux_xanmod_stable.rtl88x2bu,x86_64-linux
347152039,linuxKernel.packages.linux_xanmod_stable.shufflecake,x86_64-linux
347152047,linuxKernel.packages.linux_xanmod_stable.tp_smapi,x86_64-linux
347152052,linuxKernel.packages.linux_xanmod_stable.tsme-test,x86_64-linux
347152064,linuxKernel.packages.linux_xanmod_stable.vmm_clock,x86_64-linux
347811431,linuxKernel.packages.linux_zen.ajantv2,x86_64-linux
347811414,linuxKernel.packages.linux_zen.chipsec,x86_64-linux
347811403,linuxKernel.packages.linux_zen.ecapture,x86_64-linux
347811398,linuxKernel.packages.linux_zen.facetimehd,x86_64-linux
347811401,linuxKernel.packages.linux_zen.gasket,x86_64-linux
347811422,linuxKernel.packages.linux_zen.lkrg,x86_64-linux
347811435,linuxKernel.packages.linux_zen.lttng-modules,x86_64-linux
347811424,linuxKernel.packages.linux_zen.mbp2018-bridge-drv,x86_64-linux
347811438,linuxKernel.packages.linux_zen.nvidia_x11_beta_open,x86_64-linux
347811489,linuxKernel.packages.linux_zen.nvidia_x11_vulkan_beta_open,x86_64-linux
347152157,linuxKernel.packages.linux_zen.pktgen,aarch64-linux
347152159,linuxKernel.packages.linux_zen.pktgen,x86_64-linux
347811448,linuxKernel.packages.linux_zen.rtl8189es,x86_64-linux
347811449,linuxKernel.packages.linux_zen.rtl8189fs,x86_64-linux
347811452,linuxKernel.packages.linux_zen.rtl8821cu,x86_64-linux
347811464,linuxKernel.packages.linux_zen.rtl88x2bu,x86_64-linux
347811463,linuxKernel.packages.linux_zen.shufflecake,x86_64-linux
347811462,linuxKernel.packages.linux_zen.tp_smapi,x86_64-linux
347811502,linuxKernel.packages.linux_zen.tsme-test,x86_64-linux
347811486,linuxKernel.packages.linux_zen.vmm_clock,x86_64-linux
347152208,linuxPackages.acer-wmi-battery,aarch64-linux
347152240,linuxPackages.chipsec,x86_64-linux
347152298,linuxPackages.ecapture,aarch64-linux
347152325,linuxPackages.ecapture,x86_64-linux
347152295,linuxPackages.lttng-modules,aarch64-linux
347152296,linuxPackages.lttng-modules,x86_64-linux
347152297,linuxPackages.mbp2018-bridge-drv,aarch64-linux
347152303,linuxPackages.mbp2018-bridge-drv,x86_64-linux
347152306,linuxPackages.msi-ec,aarch64-linux
347152344,linuxPackages.pktgen,aarch64-linux
347152356,linuxPackages.pktgen,x86_64-linux
347152372,linuxPackages.shufflecake,aarch64-linux
347152370,linuxPackages.shufflecake,x86_64-linux
347152386,linuxPackages.tsme-test,aarch64-linux
347152409,linuxPackages.vmm_clock,x86_64-linux
347152427,linuxPackages_latest.acer-wmi-battery,aarch64-linux
347152433,linuxPackages_latest.ajantv2,aarch64-linux
347152431,linuxPackages_latest.ajantv2,x86_64-linux
347152463,linuxPackages_latest.chipsec,x86_64-linux
347152456,linuxPackages_latest.corefreq,aarch64-linux
347152502,linuxPackages_latest.ecapture,aarch64-linux
347152475,linuxPackages_latest.ecapture,x86_64-linux
347152477,linuxPackages_latest.facetimehd,x86_64-linux
347152486,linuxPackages_latest.gasket,aarch64-linux
347152490,linuxPackages_latest.gasket,x86_64-linux
347152513,linuxPackages_latest.lkrg,aarch64-linux
347152511,linuxPackages_latest.lkrg,x86_64-linux
347152518,linuxPackages_latest.lttng-modules,aarch64-linux
347152521,linuxPackages_latest.lttng-modules,x86_64-linux
347152526,linuxPackages_latest.mbp2018-bridge-drv,aarch64-linux
347152524,linuxPackages_latest.mbp2018-bridge-drv,x86_64-linux
347152528,linuxPackages_latest.msi-ec,aarch64-linux
347152537,linuxPackages_latest.nvidia_x11_beta_open,aarch64-linux
347152536,linuxPackages_latest.nvidia_x11_beta_open,x86_64-linux
347152543,linuxPackages_latest.nvidia_x11_vulkan_beta_open,aarch64-linux
347152550,linuxPackages_latest.nvidia_x11_vulkan_beta_open,x86_64-linux
347152553,linuxPackages_latest.pktgen,aarch64-linux
347152555,linuxPackages_latest.pktgen,x86_64-linux
347152568,linuxPackages_latest.rtl8189es,aarch64-linux
347152571,linuxPackages_latest.rtl8189es,x86_64-linux
347152575,linuxPackages_latest.rtl8189fs,aarch64-linux
347152573,linuxPackages_latest.rtl8189fs,x86_64-linux
347152574,linuxPackages_latest.rtl8821cu,aarch64-linux
347152576,linuxPackages_latest.rtl8821cu,x86_64-linux
347152577,linuxPackages_latest.rtl88x2bu,aarch64-linux
347152578,linuxPackages_latest.rtl88x2bu,x86_64-linux
347152581,linuxPackages_latest.shufflecake,aarch64-linux
347152583,linuxPackages_latest.shufflecake,x86_64-linux
347152600,linuxPackages_latest.tp_smapi,x86_64-linux
347152603,linuxPackages_latest.tsme-test,aarch64-linux
347152606,linuxPackages_latest.tsme-test,x86_64-linux
347152626,linuxPackages_latest.vmm_clock,x86_64-linux
347152668,linuxPackages_xanmod.chipsec,x86_64-linux
347152673,linuxPackages_xanmod.ecapture,x86_64-linux
347152704,linuxPackages_xanmod.lttng-modules,x86_64-linux
347152703,linuxPackages_xanmod.mbp2018-bridge-drv,x86_64-linux
347152722,linuxPackages_xanmod.pktgen,aarch64-linux
347152734,linuxPackages_xanmod.pktgen,x86_64-linux
347152738,linuxPackages_xanmod.shufflecake,x86_64-linux
347152774,linuxPackages_xanmod.vmm_clock,x86_64-linux
347152783,linuxPackages_xanmod_latest.ajantv2,x86_64-linux
347152804,linuxPackages_xanmod_latest.chipsec,x86_64-linux
347152841,linuxPackages_xanmod_latest.ecapture,x86_64-linux
347152817,linuxPackages_xanmod_latest.facetimehd,x86_64-linux
347152818,linuxPackages_xanmod_latest.gasket,x86_64-linux
347152838,linuxPackages_xanmod_latest.lkrg,x86_64-linux
347152844,linuxPackages_xanmod_latest.lttng-modules,x86_64-linux
347152843,linuxPackages_xanmod_latest.mbp2018-bridge-drv,x86_64-linux
347152851,linuxPackages_xanmod_latest.nvidia_x11_beta_open,x86_64-linux
347152856,linuxPackages_xanmod_latest.nvidia_x11_vulkan_beta_open,x86_64-linux
347152866,linuxPackages_xanmod_latest.pktgen,aarch64-linux
347152860,linuxPackages_xanmod_latest.pktgen,x86_64-linux
347152870,linuxPackages_xanmod_latest.rtl8189es,x86_64-linux
347152874,linuxPackages_xanmod_latest.rtl8189fs,x86_64-linux
347152875,linuxPackages_xanmod_latest.rtl8821cu,x86_64-linux
347152877,linuxPackages_xanmod_latest.rtl88x2bu,x86_64-linux
347152879,linuxPackages_xanmod_latest.shufflecake,x86_64-linux
347152893,linuxPackages_xanmod_latest.tp_smapi,x86_64-linux
347152892,linuxPackages_xanmod_latest.tsme-test,x86_64-linux
347152909,linuxPackages_xanmod_latest.vmm_clock,x86_64-linux
347152920,linuxPackages_xanmod_stable.ajantv2,x86_64-linux
347152936,linuxPackages_xanmod_stable.chipsec,x86_64-linux
347152945,linuxPackages_xanmod_stable.ecapture,x86_64-linux
347152949,linuxPackages_xanmod_stable.facetimehd,x86_64-linux
347152956,linuxPackages_xanmod_stable.gasket,x86_64-linux
347152975,linuxPackages_xanmod_stable.lkrg,x86_64-linux
347152980,linuxPackages_xanmod_stable.lttng-modules,x86_64-linux
347152978,linuxPackages_xanmod_stable.mbp2018-bridge-drv,x86_64-linux
347152987,linuxPackages_xanmod_stable.nvidia_x11_beta_open,x86_64-linux
347152992,linuxPackages_xanmod_stable.nvidia_x11_vulkan_beta_open,x86_64-linux
347152994,linuxPackages_xanmod_stable.pktgen,aarch64-linux
347153005,linuxPackages_xanmod_stable.pktgen,x86_64-linux
347153009,linuxPackages_xanmod_stable.rtl8189es,x86_64-linux
347153010,linuxPackages_xanmod_stable.rtl8189fs,x86_64-linux
347153011,linuxPackages_xanmod_stable.rtl8821cu,x86_64-linux
347153012,linuxPackages_xanmod_stable.rtl88x2bu,x86_64-linux
347153019,linuxPackages_xanmod_stable.shufflecake,x86_64-linux
347153028,linuxPackages_xanmod_stable.tp_smapi,x86_64-linux
347153030,linuxPackages_xanmod_stable.tsme-test,x86_64-linux
347153043,linuxPackages_xanmod_stable.vmm_clock,x86_64-linux
347811509,linuxPackages_zen.ajantv2,x86_64-linux
347811516,linuxPackages_zen.chipsec,x86_64-linux
347811532,linuxPackages_zen.ecapture,x86_64-linux
347811527,linuxPackages_zen.facetimehd,x86_64-linux
347811529,linuxPackages_zen.gasket,x86_64-linux
347811555,linuxPackages_zen.lkrg,x86_64-linux
347811552,linuxPackages_zen.lttng-modules,x86_64-linux
347811553,linuxPackages_zen.mbp2018-bridge-drv,x86_64-linux
347811562,linuxPackages_zen.nvidia_x11_beta_open,x86_64-linux
347811566,linuxPackages_zen.nvidia_x11_vulkan_beta_open,x86_64-linux
347153132,linuxPackages_zen.pktgen,aarch64-linux
347153133,linuxPackages_zen.pktgen,x86_64-linux
347811577,linuxPackages_zen.rtl8189es,x86_64-linux
347811580,linuxPackages_zen.rtl8189fs,x86_64-linux
347811581,linuxPackages_zen.rtl8821cu,x86_64-linux
347811582,linuxPackages_zen.rtl88x2bu,x86_64-linux
347811587,linuxPackages_zen.shufflecake,x86_64-linux
347811593,linuxPackages_zen.tp_smapi,x86_64-linux
347811595,linuxPackages_zen.tsme-test,x86_64-linux
347811609,linuxPackages_zen.vmm_clock,x86_64-linux
347794134,lixPackageSets.git.nix-serve-ng,aarch64-darwin
347153395,lixPackageSets.git.nix-serve-ng,aarch64-linux
347794144,lixPackageSets.latest.nix-serve-ng,aarch64-darwin
347153479,lixPackageSets.latest.nix-serve-ng,aarch64-linux
347794158,lixPackageSets.lix_2_94.nix-serve-ng,aarch64-darwin
347153500,lixPackageSets.lix_2_94.nix-serve-ng,aarch64-linux
347794170,lixPackageSets.lix_2_95.nix-serve-ng,aarch64-darwin
347153554,lixPackageSets.lix_2_95.nix-serve-ng,aarch64-linux
347794186,lixPackageSets.stable.nix-serve-ng,aarch64-darwin
347153612,lixPackageSets.stable.nix-serve-ng,aarch64-linux
347154287,lixStatic,aarch64-linux
347154420,lixStatic,x86_64-linux
347153808,llvmPackages.libc-overlay,aarch64-linux
347153813,llvmPackages.libc-overlay,x86_64-linux
347153801,llvmPackages.libc,aarch64-linux
347153804,llvmPackages.libc,x86_64-linux
347153915,llvmPackages_18.compiler-rt-libc,aarch64-darwin
347153908,llvmPackages_18.compiler-rt,aarch64-darwin
347154162,llvmPackages_20.libc-overlay,aarch64-linux
347154161,llvmPackages_20.libc-overlay,x86_64-linux
347154155,llvmPackages_20.libc,aarch64-linux
347154157,llvmPackages_20.libc,x86_64-linux
347154290,llvmPackages_21.libc-overlay,aarch64-linux
347154289,llvmPackages_21.libc-overlay,x86_64-linux
347154283,llvmPackages_21.libc,aarch64-linux
347154285,llvmPackages_21.libc,x86_64-linux
347154398,llvmPackages_22.compiler-rt-no-libc,aarch64-linux
347154489,llvmPackages_23.clang-manpages,aarch64-darwin
347154488,llvmPackages_23.clang-manpages,aarch64-linux
347154490,llvmPackages_23.clang-manpages,x86_64-linux
347154533,llvmPackages_23.compiler-rt-no-libc,aarch64-linux
347154583,llvmPackages_23.lldb-manpages,aarch64-darwin
347154575,llvmPackages_23.lldb-manpages,aarch64-linux
347154584,llvmPackages_23.lldb-manpages,x86_64-linux
347154574,llvmPackages_23.lldb,aarch64-darwin
347154587,llvmPackages_23.llvm-manpages,aarch64-darwin
347154585,llvmPackages_23.llvm-manpages,aarch64-linux
347154590,llvmPackages_23.llvm-manpages,x86_64-linux
347154596,llvmPackages_23.openmp,aarch64-darwin
347154592,llvmPackages_23.openmp,aarch64-linux
347154591,llvmPackages_23.openmp,x86_64-linux
347154907,lomiri.lomiri-history-service,aarch64-linux
347154909,lomiri.lomiri-history-service,x86_64-linux
347834926,lomiri.lomiri-indicator-network,aarch64-linux
347834961,losslesscut,aarch64-darwin
347155062,loudmouth,aarch64-darwin
347155343,louvre,aarch64-linux
347155073,louvre,x86_64-linux
347155218,ltrace,aarch64-linux
347155220,ltrace,x86_64-linux
347159471,mac-fdisk,x86_64-linux
347159720,mallard-ducktype,aarch64-darwin
347159721,mallard-ducktype,aarch64-linux
347159722,mallard-ducktype,x86_64-linux
347160121,martin,x86_64-linux
347160272,mathemagix,aarch64-linux
347160273,mathemagix,x86_64-linux
347160289,mathmod,aarch64-linux
347160290,mathmod,x86_64-linux
347804197,matrix-synapse-unwrapped,aarch64-linux
347835447,mattermost-desktop,aarch64-linux
347160454,mayo,aarch64-darwin
347160520,mbuffer,aarch64-darwin
347160845,med,aarch64-linux
347160834,med,x86_64-linux
347160861,mediasynclite,aarch64-darwin
347160891,meerk40t,aarch64-darwin
347160899,meerk40t,aarch64-linux
347160904,meerk40t,x86_64-linux
347160982,memray,aarch64-linux
347160991,memtree,aarch64-linux
347160992,memtree,x86_64-linux
347161059,merkaartor,aarch64-linux
347161061,merkaartor,x86_64-linux
347161117,meshcentral,aarch64-linux
347161161,metapixel,aarch64-darwin
347161202,mev-boost,aarch64-linux
347161294,micropython,aarch64-darwin
347161295,micropython,aarch64-linux
347161297,micropython,x86_64-linux
347161332,migrate,aarch64-linux
347161333,migrate,x86_64-linux
347794241,minitube,aarch64-linux
347794238,minitube,x86_64-linux
347161887,mlton20130715,x86_64-linux
347162016,mobsql,aarch64-darwin
347162203,mono_repo,aarch64-linux
347162202,mono_repo,x86_64-linux
347162246,moonfire-nvr,aarch64-darwin
347162325,mopidy-spotify,aarch64-darwin
347162327,mopidy-spotify,aarch64-linux
347162329,mopidy-spotify,x86_64-linux
347162386,mopidyPackages.mopidy-spotify,aarch64-darwin
347162390,mopidyPackages.mopidy-spotify,aarch64-linux
347162388,mopidyPackages.mopidy-spotify,x86_64-linux
347162482,motoc,aarch64-darwin
347162509,mouseless,aarch64-linux
347162572,mp3fs,aarch64-darwin
347791319,mpich-pmix,aarch64-darwin
347791314,mpich,aarch64-darwin
347162962,mrustc-bootstrap,x86_64-linux
347163063,mspds,aarch64-linux
347163034,mspds,x86_64-linux
347163121,mudlet,aarch64-darwin
347163169,multipart-parser-c,aarch64-darwin
347804221,mumble,aarch64-darwin
347163391,mygpoclient,aarch64-linux
347163478,mysql-workbench,aarch64-linux
347163463,mysql-workbench,x86_64-linux
347163460,mystmd,aarch64-darwin
347163561,naja,aarch64-darwin
347163587,nano-wallet,aarch64-linux
347163590,nano-wallet,x86_64-linux
347163592,nanobench,aarch64-darwin
347163748,nbd,aarch64-darwin
347164238,net-cpp,aarch64-linux
347164241,net-cpp,x86_64-linux
347164379,netbsd.libcurses,aarch64-linux
347164380,netbsd.libcurses,x86_64-linux
347164384,netbsd.libterminfo,aarch64-darwin
347164388,netbsd.locale,aarch64-linux
347164389,netbsd.locale,x86_64-linux
347164393,netbsd.make,aarch64-darwin
347164394,netbsd.make,aarch64-linux
347164395,netbsd.make,x86_64-linux
347164402,netbsd.man,aarch64-darwin
347164403,netbsd.man,aarch64-linux
347164404,netbsd.man,x86_64-linux
347459765,netclient,aarch64-darwin
347164486,netfoil,aarch64-darwin
347164509,netifd,aarch64-linux
347164511,netifd,x86_64-linux
347835524,netron,aarch64-darwin
347164630,neverest,aarch64-linux
347164631,neverest,x86_64-linux
347164645,newlib-nano,aarch64-darwin
347164646,newlib-nano,aarch64-linux
347164643,newlib,aarch64-darwin
347164644,newlib,aarch64-linux
347164672,nexa,aarch64-linux
347164756,nfswolf,aarch64-darwin
347164764,ngadmin,aarch64-darwin
347164829,nhentai,aarch64-darwin
347164883,nhentai,aarch64-linux
347164898,nhentai,x86_64-linux
347794278,nix-serve-ng,aarch64-darwin
347165213,nix-serve-ng,aarch64-linux
347165918,nmstate,aarch64-darwin
347166003,nodejs-slim_26,aarch64-linux
347166004,nodejs-slim_latest,aarch64-linux
347166159,notepad-next,aarch64-darwin
347166362,ns-3,x86_64-linux
347166477,ntp,aarch64-darwin
347166567,numkong,aarch64-linux
347166577,numr,aarch64-linux
347166583,numr,x86_64-linux
347166598,nushellPlugins.desktop_notifications,aarch64-darwin
347166678,nvidia-mig-parted,aarch64-darwin
347166889,obitools3,aarch64-linux
347166890,obitools3,x86_64-linux
347791410,obs-studio-plugins.obs-advanced-masks,aarch64-linux
347791378,obs-studio-plugins.obs-advanced-masks,x86_64-linux
347791404,obs-studio-plugins.obs-dvd-screensaver,aarch64-linux
347791389,obs-studio-plugins.obs-dvd-screensaver,x86_64-linux
347791403,obs-studio-plugins.obs-move-transition,aarch64-linux
347791424,obs-studio-plugins.obs-move-transition,x86_64-linux
347791415,obs-studio-plugins.obs-noise,aarch64-linux
347791425,obs-studio-plugins.obs-noise,x86_64-linux
347791419,obs-studio-plugins.obs-replay-source,aarch64-linux
347791430,obs-studio-plugins.obs-replay-source,x86_64-linux
347791427,obs-studio-plugins.obs-retro-effects,aarch64-linux
347791441,obs-studio-plugins.obs-retro-effects,x86_64-linux
347791468,obs-studio-plugins.obs-shaderfilter,aarch64-linux
347791476,obs-studio-plugins.obs-shaderfilter,x86_64-linux
347791451,obs-studio-plugins.obs-source-switcher,aarch64-linux
347791434,obs-studio-plugins.obs-source-switcher,x86_64-linux
347791435,obs-studio-plugins.obs-stroke-glow-shadow,aarch64-linux
347791466,obs-studio-plugins.obs-stroke-glow-shadow,x86_64-linux
347167468,ocamlPackages.class_group_vdf,aarch64-darwin
347167912,ocamlPackages.ecaml,aarch64-darwin
347168593,ocamlPackages.janeStreet.ecaml,aarch64-darwin
347168651,ocamlPackages.janeStreet.janestreet_cpuid,aarch64-darwin
347168650,ocamlPackages.janeStreet.janestreet_cpuid,aarch64-linux
347168964,ocamlPackages.janestreet_cpuid,aarch64-darwin
347168963,ocamlPackages.janestreet_cpuid,aarch64-linux
347169156,ocamlPackages.llvm,aarch64-darwin
347169853,ocamlPackages.owl,aarch64-darwin
347170625,ocamlPackages.stog,aarch64-darwin
347171476,ocamlPackages_latest.class_group_vdf,aarch64-darwin
347171891,ocamlPackages_latest.ecaml,aarch64-darwin
347172572,ocamlPackages_latest.janeStreet.ecaml,aarch64-darwin
347172627,ocamlPackages_latest.janeStreet.janestreet_cpuid,aarch64-darwin
347172631,ocamlPackages_latest.janeStreet.janestreet_cpuid,aarch64-linux
347172950,ocamlPackages_latest.janestreet_cpuid,aarch64-darwin
347172949,ocamlPackages_latest.janestreet_cpuid,aarch64-linux
347173135,ocamlPackages_latest.llvm,aarch64-darwin
347173875,ocamlPackages_latest.owl,aarch64-darwin
347174632,ocamlPackages_latest.stog,aarch64-darwin
347175092,ocrodjvu,aarch64-linux
347175091,ocrodjvu,x86_64-linux
347175093,ocrs,x86_64-linux
347175147,octavePackages.communications,aarch64-linux
347175130,octavePackages.communications,x86_64-linux
347175166,octavePackages.general,aarch64-linux
347175169,octavePackages.general,x86_64-linux
347175220,octavePackages.ocl,aarch64-darwin
347175258,octavePackages.strings,aarch64-linux
347175259,octavePackages.strings,x86_64-linux
347794392,octorus,aarch64-linux
347175576,onednn_2,aarch64-linux
347175766,open5gs-webui,aarch64-darwin
347175806,openarc,aarch64-darwin
347175815,openbabel,aarch64-linux
347175911,openbsd.cap_mkdb,aarch64-darwin
347175913,openbsd.cap_mkdb,aarch64-linux
347175915,openbsd.cap_mkdb,x86_64-linux
347175928,openbsd.makedev,aarch64-darwin
347175930,openbsd.makedev,aarch64-linux
347816173,openbsd.makefs,aarch64-darwin
347816172,openbsd.makefs,aarch64-linux
347816174,openbsd.makefs,x86_64-linux
347175935,openbsd.mount,aarch64-darwin
347175934,openbsd.mount,aarch64-linux
347175944,openbsd.mount,x86_64-linux
347175940,openbsd.pfctl,aarch64-darwin
347175939,openbsd.pfctl,aarch64-linux
347175941,openbsd.pfctl,x86_64-linux
347175946,openbsd.su,aarch64-darwin
347175947,openbsd.su,aarch64-linux
347175978,openbsd.su,x86_64-linux
347175948,openbsd.sysctl,aarch64-darwin
347175958,openbsd.sysctl,aarch64-linux
347175949,openbsd.sysctl,x86_64-linux
347175971,opencl-cts,aarch64-darwin
347175972,opencl-cts,aarch64-linux
347175973,opencl-cts,x86_64-linux
347175988,opencloud-desktop-shell-integration-resources,aarch64-darwin
347175983,opencloud-desktop,aarch64-darwin
347835547,opencode-desktop,aarch64-darwin
347176003,opencomposite,aarch64-darwin
347176097,opengothic,aarch64-linux
347176100,opengothic,x86_64-linux
347176313,openonload,x86_64-linux
347176336,openpbs,aarch64-darwin
347816178,openroad,aarch64-darwin
347816177,openroad,aarch64-linux
347816179,openroad,x86_64-linux
347176537,openssh-askpass,aarch64-darwin
347176678,openvas-scanner,aarch64-linux
347176679,openvas-scanner,x86_64-linux
347791499,openvino-genai,aarch64-linux
347791502,openvino-genai,x86_64-linux
347176941,osmctools,aarch64-darwin
347176988,osrm-backend,aarch64-linux
347176985,osrm-backend,x86_64-linux
347176990,ossia-score,aarch64-linux
347176991,ossia-score,x86_64-linux
347176998,ossim,aarch64-darwin
347176992,ossim,aarch64-linux
347177077,ossim,x86_64-linux
347177033,otel-cli,aarch64-linux
347177087,outguess,aarch64-darwin
347177129,ovito,aarch64-linux
347177130,ovito,x86_64-linux
347177154,owncloud-client,aarch64-darwin
347177188,oxker,aarch64-darwin
347177218,p4c,aarch64-linux
347177219,p4c,x86_64-linux
347177240,pa-dlna,aarch64-linux
347177244,pa_applet,aarch64-linux
347177243,pa_applet,x86_64-linux
347177268,packcc,aarch64-darwin
347177381,pam_gnupg,aarch64-darwin
347177413,pam_xdg,aarch64-darwin
347177414,pam_xdg,aarch64-linux
347177420,paml,aarch64-darwin
347177833,paqet,aarch64-darwin
347177892,paraview,aarch64-linux
347177894,paraview,x86_64-linux
347177952,partclone-utils,aarch64-darwin
347178144,pawn-appetit,aarch64-darwin
347178155,paxtest,aarch64-linux
347178156,paxtest,x86_64-linux
347178199,pcalc,aarch64-darwin
347178254,pcem,aarch64-linux
347816195,pcl,aarch64-darwin
347816198,pdf-cli,aarch64-linux
347178360,pdftoipe,aarch64-darwin
347178361,pdftoipe,aarch64-linux
347178362,pdftoipe,x86_64-linux
347178366,pdi,aarch64-linux
347178367,pdi,x86_64-linux
347835577,pear-desktop,aarch64-darwin
347178450,pegasus-frontend,aarch64-linux
347178454,pegasus-frontend,x86_64-linux
347178488,percona-xtrabackup,aarch64-linux
347178491,percona-xtrabackup,x86_64-linux
347178490,percona-xtrabackup_8_4,aarch64-linux
347178492,percona-xtrabackup_8_4,x86_64-linux
347178849,perl5Packages.BoostGeometryUtils,aarch64-linux
347178850,perl5Packages.BoostGeometryUtils,x86_64-linux
347180585,perl5Packages.FutureIO,aarch64-darwin
347816222,perl5Packages.Gtk3ImageView,aarch64-darwin
347181062,perl5Packages.ImageScale,x86_64-linux
347184590,perlPackages.BoostGeometryUtils,aarch64-linux
347184604,perlPackages.BoostGeometryUtils,x86_64-linux
347186325,perlPackages.FutureIO,aarch64-darwin
347816226,perlPackages.Gtk3ImageView,aarch64-darwin
347186811,perlPackages.ImageScale,x86_64-linux
347804360,pgadmin4-desktopmode,aarch64-linux
347804358,pgadmin4-desktopmode,x86_64-linux
347804363,pgadmin4,aarch64-linux
347804362,pgadmin4,x86_64-linux
347190206,pgschema,aarch64-linux
347190315,photoview,aarch64-linux
347190319,photoview,x86_64-linux
347192100,phytool,aarch64-darwin
347192102,phytool,aarch64-linux
347192103,phytool,x86_64-linux
347192117,picat,aarch64-darwin
347192152,picolibc,aarch64-darwin
347192218,pidginPackages.purple-plugin-pack,aarch64-linux
347192219,pidginPackages.purple-plugin-pack,x86_64-linux
347192250,pihole-ftl,aarch64-linux
347192251,pihole-ftl,x86_64-linux
347192286,pimsync,aarch64-linux
347192426,pinocchio,aarch64-linux
347192373,pinocchio,x86_64-linux
347192366,pint,aarch64-darwin
347791557,piper-phonemize,aarch64-linux
347791558,piper-phonemize,x86_64-linux
347192567,pkgit,aarch64-darwin
347835651,pkgsRocm.elpa,x86_64-linux
347835660,pkgsRocm.gdcm,x86_64-linux
347835688,pkgsRocm.ieda,x86_64-linux
347835781,pkgsRocm.migrate,x86_64-linux
347835800,pkgsRocm.paraview,x86_64-linux
347835776,pkgsRocm.pdi,x86_64-linux
347835770,pkgsRocm.petsc,x86_64-linux
347835775,pkgsRocm.piper-phonemize,x86_64-linux
347835868,pkgsRocm.python3Packages.gdcm,x86_64-linux
347835871,pkgsRocm.python3Packages.gpuctypes,x86_64-linux
347835884,pkgsRocm.python3Packages.hoomd-blue,x86_64-linux
347836005,pkgsRocm.python3Packages.petsc4py,x86_64-linux
347836098,pkgsRocm.python3Packages.sirius,x86_64-linux
347836103,pkgsRocm.python3Packages.torch-no-triton,x86_64-linux
347836089,pkgsRocm.python3Packages.torch,x86_64-linux
347836155,pkgsRocm.python3Packages.torchWithVulkan,x86_64-linux
347836106,pkgsRocm.python3Packages.torchWithoutCuda,x86_64-linux
347836178,pkgsRocm.sirius,x86_64-linux
347836202,pkgsRocm.tt-metal,x86_64-linux
347836222,pkgsRocm.vtk_9_6,x86_64-linux
347836216,pkgsRocm.whisper-cpp-vulkan,x86_64-linux
347193223,pktgen,aarch64-linux
347193224,pktgen,x86_64-linux
347193443,plugdata,aarch64-linux
347193444,plugdata,x86_64-linux
347193523,pnetcdf,aarch64-darwin
347193541,pngoptimizer,aarch64-linux
347193542,pngoptimizer,x86_64-linux
347829454,ponyc,aarch64-linux
347194093,postgresql14Packages.pointcloud,aarch64-darwin
347194701,postgresql17Packages.pointcloud,aarch64-darwin
347194936,postgresql19Packages.apache_datasketches,aarch64-darwin
347194934,postgresql19Packages.apache_datasketches,aarch64-linux
347194951,postgresql19Packages.apache_datasketches,x86_64-linux
347194953,postgresql19Packages.omnigres,aarch64-darwin
347194949,postgresql19Packages.omnigres,aarch64-linux
347194959,postgresql19Packages.omnigres,x86_64-linux
347194960,postgresql19Packages.pg_bigm,aarch64-darwin
347194962,postgresql19Packages.pg_bigm,aarch64-linux
347194968,postgresql19Packages.pg_bigm,x86_64-linux
347194972,postgresql19Packages.pg_duckdb,aarch64-darwin
347194984,postgresql19Packages.pg_duckdb,aarch64-linux
347194974,postgresql19Packages.pg_duckdb,x86_64-linux
347194983,postgresql19Packages.pg_graphql,aarch64-linux
347195001,postgresql19Packages.pg_graphql,x86_64-linux
347194993,postgresql19Packages.pg_ivm,aarch64-darwin
347194980,postgresql19Packages.pg_ivm,aarch64-linux
347194982,postgresql19Packages.pg_ivm,x86_64-linux
347195027,postgresql19Packages.pg_search,aarch64-linux
347195020,postgresql19Packages.pg_search,x86_64-linux
347195010,postgresql19Packages.pg_similarity,aarch64-darwin
347195013,postgresql19Packages.pg_similarity,aarch64-linux
347195011,postgresql19Packages.pg_similarity,x86_64-linux
347195017,postgresql19Packages.pg_textsearch,aarch64-darwin
347195016,postgresql19Packages.pg_textsearch,aarch64-linux
347195018,postgresql19Packages.pg_textsearch,x86_64-linux
347195019,postgresql19Packages.pg_tle,aarch64-darwin
347195021,postgresql19Packages.pg_tle,aarch64-linux
347195023,postgresql19Packages.pg_tle,x86_64-linux
347195033,postgresql19Packages.pg_when,aarch64-linux
347195037,postgresql19Packages.pg_when,x86_64-linux
347195032,postgresql19Packages.pgactive,aarch64-darwin
347195031,postgresql19Packages.pgactive,aarch64-linux
347195030,postgresql19Packages.pgactive,x86_64-linux
347195051,postgresql19Packages.pglite_fusion,aarch64-linux
347195050,postgresql19Packages.pglite_fusion,x86_64-linux
347195075,postgresql19Packages.pgx_ulid,aarch64-linux
347195079,postgresql19Packages.pgx_ulid,x86_64-linux
347195080,postgresql19Packages.pointcloud,aarch64-darwin
347195081,postgresql19Packages.pointcloud,aarch64-linux
347195082,postgresql19Packages.pointcloud,x86_64-linux
347195083,postgresql19Packages.repmgr,aarch64-darwin
347195085,postgresql19Packages.repmgr,aarch64-linux
347195084,postgresql19Packages.repmgr,x86_64-linux
347195086,postgresql19Packages.rum,aarch64-darwin
347195087,postgresql19Packages.rum,aarch64-linux
347195088,postgresql19Packages.rum,x86_64-linux
347195102,postgresql19Packages.tds_fdw,aarch64-darwin
347195093,postgresql19Packages.tds_fdw,aarch64-linux
347195095,postgresql19Packages.tds_fdw,x86_64-linux
347195094,postgresql19Packages.temporal_tables,aarch64-darwin
347195098,postgresql19Packages.temporal_tables,aarch64-linux
347195097,postgresql19Packages.temporal_tables,x86_64-linux
347195100,postgresql19Packages.wal2json,aarch64-darwin
347195103,postgresql19Packages.wal2json,aarch64-linux
347195104,postgresql19Packages.wal2json,x86_64-linux
347195427,powertabeditor,aarch64-darwin
347794479,previewqt,aarch64-darwin
347195686,prmt,aarch64-darwin
347195921,progress-tracker,aarch64-linux
347195760,progress-tracker,x86_64-linux
347195775,project-graph,aarch64-linux
347195800,project-graph,x86_64-linux
347836243,prometheus,aarch64-linux
347196459,pspy,aarch64-darwin
347196479,pstoedit,aarch64-linux
347196481,pstoedit,x86_64-linux
347196576,pulseaudio-dlna,aarch64-linux
347196578,pulseaudio-dlna,x86_64-linux
347196656,punes-qt6,aarch64-linux
347196655,punes-qt6,x86_64-linux
347196652,punes,aarch64-linux
347196654,punes,x86_64-linux
347196792,py-spy,aarch64-linux
347196891,pyp,aarch64-darwin
347196892,pyp,aarch64-linux
347196893,pyp,x86_64-linux
347197443,python313Packages.aiohttp-client-cache,aarch64-darwin
347197471,python313Packages.aiohttp-client-cache,aarch64-linux
347197620,python313Packages.aiohttp-client-cache,x86_64-linux
347197445,python313Packages.aiohttp-remotes,aarch64-darwin
347197446,python313Packages.aiohttp-remotes,aarch64-linux
347197447,python313Packages.aiohttp-remotes,x86_64-linux
347197735,python313Packages.aiosonic,aarch64-darwin
347197802,python313Packages.aiovban-pyaudio,aarch64-darwin
347197797,python313Packages.aiovban-pyaudio,aarch64-linux
347197805,python313Packages.aiovban-pyaudio,x86_64-linux
347198754,python313Packages.allure-pytest,aarch64-darwin
347198757,python313Packages.allure-pytest,aarch64-linux
347198758,python313Packages.allure-pytest,x86_64-linux
347198765,python313Packages.allure-python-commons-test,aarch64-darwin
347198764,python313Packages.allure-python-commons-test,aarch64-linux
347198763,python313Packages.allure-python-commons-test,x86_64-linux
347836258,python313Packages.alphashape,aarch64-darwin
347829478,python313Packages.angr,aarch64-darwin
347829472,python313Packages.angr,aarch64-linux
347829483,python313Packages.angr,x86_64-linux
347198858,python313Packages.anki-mac-helper,aarch64-darwin
347198970,python313Packages.aocd,aarch64-darwin
347198965,python313Packages.aocd,aarch64-linux
347198972,python313Packages.aocd,x86_64-linux
347199134,python313Packages.arelle-headless,aarch64-darwin
347199123,python313Packages.arelle-headless,aarch64-linux
347199133,python313Packages.arelle-headless,x86_64-linux
347199147,python313Packages.arelle,aarch64-darwin
347199122,python313Packages.arelle,aarch64-linux
347199121,python313Packages.arelle,x86_64-linux
347199338,python313Packages.astropy-helpers,aarch64-darwin
347199340,python313Packages.astropy-helpers,aarch64-linux
347199341,python313Packages.astropy-helpers,x86_64-linux
347829491,python313Packages.atopile,aarch64-linux
347829492,python313Packages.atopile,x86_64-linux
347199542,python313Packages.authcaptureproxy,aarch64-darwin
347199543,python313Packages.authcaptureproxy,aarch64-linux
347199546,python313Packages.authcaptureproxy,x86_64-linux
347811901,python313Packages.bayesian-optimization,aarch64-darwin
347200285,python313Packages.bayespy,aarch64-darwin
347200286,python313Packages.bayespy,aarch64-linux
347200288,python313Packages.bayespy,x86_64-linux
347200291,python313Packages.bbox,aarch64-darwin
347200290,python313Packages.bbox,aarch64-linux
347200292,python313Packages.bbox,x86_64-linux
347200373,python313Packages.beanhub-cli,aarch64-darwin
347200353,python313Packages.beanhub-cli,aarch64-linux
347200362,python313Packages.beanhub-cli,x86_64-linux
347200596,python313Packages.bizkaibus,aarch64-darwin
347200598,python313Packages.bizkaibus,aarch64-linux
347200597,python313Packages.bizkaibus,x86_64-linux
347200619,python313Packages.blastdns,aarch64-darwin
347200785,python313Packages.borb,aarch64-darwin
347200787,python313Packages.borb,aarch64-linux
347200788,python313Packages.borb,x86_64-linux
347200880,python313Packages.brian2,aarch64-darwin
347200882,python313Packages.brian2,aarch64-linux
347200881,python313Packages.brian2,x86_64-linux
347200909,python313Packages.brotli-asgi,aarch64-darwin
347200908,python313Packages.brotli-asgi,aarch64-linux
347200907,python313Packages.brotli-asgi,x86_64-linux
347201133,python313Packages.capstone_4,aarch64-darwin
347201132,python313Packages.capstone_4,aarch64-linux
347201131,python313Packages.capstone_4,x86_64-linux
347201202,python313Packages.category-encoders,aarch64-darwin
347201201,python313Packages.category-encoders,x86_64-linux
347201249,python313Packages.cement,aarch64-linux
347201252,python313Packages.cement,x86_64-linux
347201261,python313Packages.cert-chain-resolver,aarch64-darwin
347201262,python313Packages.cert-chain-resolver,aarch64-linux
347201265,python313Packages.cert-chain-resolver,x86_64-linux
347201335,python313Packages.cgal,aarch64-linux
347201336,python313Packages.cgal,x86_64-linux
347201423,python313Packages.chirpstack-api,aarch64-darwin
347201426,python313Packages.chirpstack-api,aarch64-linux
347201427,python313Packages.chirpstack-api,x86_64-linux
347201448,python313Packages.cinemagoer,aarch64-darwin
347201450,python313Packages.cinemagoer,aarch64-linux
347201451,python313Packages.cinemagoer,x86_64-linux
347201644,python313Packages.clip,aarch64-darwin
347201645,python313Packages.clip,aarch64-linux
347201651,python313Packages.clip,x86_64-linux
347201692,python313Packages.clx-sdk-xms,aarch64-darwin
347201693,python313Packages.clx-sdk-xms,aarch64-linux
347201694,python313Packages.clx-sdk-xms,x86_64-linux
347201805,python313Packages.colcon-argcomplete,aarch64-darwin
347201808,python313Packages.colcon-argcomplete,aarch64-linux
347201807,python313Packages.colcon-argcomplete,x86_64-linux
347202059,python313Packages.compressed-tensors,aarch64-darwin
347202096,python313Packages.confight,aarch64-darwin
347202097,python313Packages.confight,aarch64-linux
347202098,python313Packages.confight,x86_64-linux
347202123,python313Packages.connect-box,aarch64-darwin
347202127,python313Packages.connect-box,aarch64-linux
347202128,python313Packages.connect-box,x86_64-linux
347202139,python313Packages.connexion,aarch64-darwin
347202141,python313Packages.connexion,aarch64-linux
347202142,python313Packages.connexion,x86_64-linux
347202248,python313Packages.cornice,aarch64-darwin
347202249,python313Packages.cornice,aarch64-linux
347202253,python313Packages.cornice,x86_64-linux
347791780,python313Packages.credsweeper,aarch64-linux
347202560,python313Packages.cx-freeze,aarch64-linux
347202580,python313Packages.cyclonedds-python,aarch64-darwin
347202578,python313Packages.cyclonedds-python,aarch64-linux
347202581,python313Packages.cyclonedds-python,x86_64-linux
347202668,python313Packages.dartsim,aarch64-linux
347202665,python313Packages.dartsim,x86_64-linux
347202712,python313Packages.dask-ml,aarch64-darwin
347202715,python313Packages.dask-ml,x86_64-linux
347202736,python313Packages.dataclass-csv,aarch64-darwin
347202737,python313Packages.dataclass-csv,aarch64-linux
347202738,python313Packages.dataclass-csv,x86_64-linux
347847597,python313Packages.datalad-next,aarch64-linux
347847595,python313Packages.datalad-next,x86_64-linux
347847601,python313Packages.datalad,aarch64-darwin
347202803,python313Packages.datashader,aarch64-darwin
347202806,python313Packages.datashader,x86_64-linux
347202805,python313Packages.datashaper,aarch64-darwin
347202807,python313Packages.datashaper,aarch64-linux
347202809,python313Packages.datashaper,x86_64-linux
347202854,python313Packages.dbt-common,aarch64-darwin
347202857,python313Packages.dbt-common,aarch64-linux
347202856,python313Packages.dbt-common,x86_64-linux
347811945,python313Packages.deepspeed,aarch64-darwin
347202993,python313Packages.deepwave,x86_64-linux
347203011,python313Packages.deform,aarch64-darwin
347203021,python313Packages.deform,aarch64-linux
347203033,python313Packages.deform,x86_64-linux
347203019,python313Packages.deid,aarch64-darwin
347203042,python313Packages.deltalake,aarch64-darwin
347804514,python313Packages.devpi-server,aarch64-linux
347804510,python313Packages.devpi-server,x86_64-linux
347203158,python313Packages.dicomweb-client,aarch64-darwin
347203256,python313Packages.disnake,aarch64-darwin
347203254,python313Packages.disnake,aarch64-linux
347203257,python313Packages.disnake,x86_64-linux
347811946,python313Packages.distrax,x86_64-linux
347203528,python313Packages.django-currentuser,aarch64-darwin
347203527,python313Packages.django-currentuser,aarch64-linux
347203530,python313Packages.django-currentuser,x86_64-linux
347204017,python313Packages.djvulibre-python,aarch64-darwin
347204025,python313Packages.dlib,aarch64-darwin
347204256,python313Packages.dragonfly,aarch64-linux
347204257,python313Packages.dragonfly,x86_64-linux
347804577,python313Packages.dspy,aarch64-darwin
347204376,python313Packages.dtschema,aarch64-linux
347204383,python313Packages.dtschema,x86_64-linux
347204388,python313Packages.duct-py,aarch64-darwin
347204389,python313Packages.duct-py,aarch64-linux
347204390,python313Packages.duct-py,x86_64-linux
347204607,python313Packages.effect,aarch64-darwin
347204609,python313Packages.effect,aarch64-linux
347204611,python313Packages.effect,x86_64-linux
347204640,python313Packages.elastic-apm,aarch64-darwin
347204871,python313Packages.elastic-apm,aarch64-linux
347204654,python313Packages.elastic-apm,x86_64-linux
347204715,python313Packages.emborg,aarch64-darwin
347204713,python313Packages.emborg,aarch64-linux
347204720,python313Packages.emborg,x86_64-linux
347204874,python313Packages.es-client,aarch64-darwin
347204875,python313Packages.es-client,aarch64-linux
347204876,python313Packages.es-client,x86_64-linux
347205064,python313Packages.exiv2,aarch64-darwin
347205079,python313Packages.expiring-dict,aarch64-darwin
347205189,python313Packages.facenet-pytorch,aarch64-darwin
347205163,python313Packages.facenet-pytorch,aarch64-linux
347205164,python313Packages.facenet-pytorch,x86_64-linux
347205199,python313Packages.falconpy,aarch64-darwin
347205200,python313Packages.falconpy,aarch64-linux
347205201,python313Packages.falconpy,x86_64-linux
347205251,python313Packages.fastapi-versionizer,aarch64-darwin
347205253,python313Packages.fastapi-versionizer,aarch64-linux
347205252,python313Packages.fastapi-versionizer,x86_64-linux
347205263,python313Packages.fastcan,aarch64-darwin
347205265,python313Packages.fastcan,x86_64-linux
347205425,python313Packages.fhir-py,aarch64-darwin
347205426,python313Packages.fhir-py,aarch64-linux
347205427,python313Packages.fhir-py,x86_64-linux
347205457,python313Packages.fickling,aarch64-darwin
347205435,python313Packages.fickling,aarch64-linux
347205436,python313Packages.fickling,x86_64-linux
347205470,python313Packages.filterpy,aarch64-darwin
347205553,python313Packages.firedrake,aarch64-linux
347205559,python313Packages.firedrake,x86_64-linux
347205798,python313Packages.flask-versioned,aarch64-darwin
347205799,python313Packages.flask-versioned,aarch64-linux
347205801,python313Packages.flask-versioned,x86_64-linux
347205855,python313Packages.flickrapi,aarch64-darwin
347205856,python313Packages.flickrapi,aarch64-linux
347205857,python313Packages.flickrapi,x86_64-linux
347205874,python313Packages.floret,aarch64-linux
347205876,python313Packages.floret,x86_64-linux
347206087,python313Packages.fritzconnection,aarch64-darwin
347206280,python313Packages.gdcm,aarch64-darwin
347206409,python313Packages.gdcm,aarch64-linux
347206269,python313Packages.gdcm,x86_64-linux
347206623,python313Packages.glueviz,aarch64-darwin
347836291,python313Packages.glueviz,aarch64-linux
347836295,python313Packages.glueviz,x86_64-linux
347206738,python313Packages.google-cloud-dataproc,aarch64-darwin
347206735,python313Packages.google-cloud-dataproc,aarch64-linux
347206739,python313Packages.google-cloud-dataproc,x86_64-linux
347206748,python313Packages.google-cloud-error-reporting,aarch64-darwin
347206752,python313Packages.google-cloud-error-reporting,aarch64-linux
347206757,python313Packages.google-cloud-error-reporting,x86_64-linux
347206765,python313Packages.google-cloud-iot,aarch64-darwin
347206763,python313Packages.google-cloud-iot,aarch64-linux
347206762,python313Packages.google-cloud-iot,x86_64-linux
347206830,python313Packages.google-cloud-spanner,aarch64-darwin
347206814,python313Packages.google-cloud-spanner,aarch64-linux
347206815,python313Packages.google-cloud-spanner,x86_64-linux
347207024,python313Packages.gradio,aarch64-darwin
347207021,python313Packages.graph-tool,aarch64-darwin
347207035,python313Packages.graphite-web,aarch64-darwin
347207046,python313Packages.graphite-web,aarch64-linux
347207049,python313Packages.graphite-web,x86_64-linux
347207045,python313Packages.graphql-subscription-manager,aarch64-darwin
347207047,python313Packages.graphql-subscription-manager,aarch64-linux
347207044,python313Packages.graphql-subscription-manager,x86_64-linux
347207309,python313Packages.habitipy,aarch64-darwin
347207310,python313Packages.habitipy,aarch64-linux
347207313,python313Packages.habitipy,x86_64-linux
347207471,python313Packages.heatmiserv3,aarch64-darwin
347207474,python313Packages.heatmiserv3,aarch64-linux
347207473,python313Packages.heatmiserv3,x86_64-linux
347207560,python313Packages.hg-git,aarch64-darwin
347207552,python313Packages.hg-git,aarch64-linux
347207553,python313Packages.hg-git,x86_64-linux
347207698,python313Packages.hoomd-blue,aarch64-linux
347207725,python313Packages.hoomd-blue,x86_64-linux
347207846,python313Packages.httpx-auth,aarch64-linux
347208496,python313Packages.hydrogram,aarch64-darwin
347208498,python313Packages.hydrogram,aarch64-linux
347208499,python313Packages.hydrogram,x86_64-linux
347208550,python313Packages.i-pi,aarch64-linux
347208551,python313Packages.i-pi,x86_64-linux
347816461,python313Packages.i3ipc,aarch64-darwin
347208681,python313Packages.ignite,aarch64-darwin
347208682,python313Packages.ignite,aarch64-linux
347208684,python313Packages.ignite,x86_64-linux
347208724,python313Packages.imagecorruptions,aarch64-darwin
347208725,python313Packages.imagecorruptions,aarch64-linux
347208750,python313Packages.imagecorruptions,x86_64-linux
347208726,python313Packages.imagededup,aarch64-darwin
347208732,python313Packages.imagededup,x86_64-linux
347208743,python313Packages.imantics,aarch64-darwin
347208744,python313Packages.imantics,aarch64-linux
347208746,python313Packages.imantics,x86_64-linux
347208757,python313Packages.imbalanced-learn,aarch64-darwin
347208759,python313Packages.imbalanced-learn,x86_64-linux
347208959,python313Packages.intensity-normalization,aarch64-darwin
347208961,python313Packages.intensity-normalization,aarch64-linux
347208968,python313Packages.intensity-normalization,x86_64-linux
347208997,python313Packages.invocations,aarch64-darwin
347208993,python313Packages.invocations,aarch64-linux
347208992,python313Packages.invocations,x86_64-linux
347209057,python313Packages.iplotx,aarch64-darwin
347209056,python313Packages.iplotx,x86_64-linux
347209230,python313Packages.iterfzf,aarch64-darwin
347209342,python313Packages.jax-jumpy,aarch64-darwin
347209344,python313Packages.jax-jumpy,aarch64-linux
347209343,python313Packages.jax-jumpy,x86_64-linux
347460058,python313Packages.jh2,aarch64-linux
347209506,python313Packages.json-schema-for-humans,aarch64-darwin
347209507,python313Packages.json-schema-for-humans,aarch64-linux
347209501,python313Packages.json-schema-for-humans,x86_64-linux
347209515,python313Packages.json-tricks,aarch64-darwin
347209517,python313Packages.json-tricks,aarch64-linux
347209519,python313Packages.json-tricks,x86_64-linux
347209894,python313Packages.kbcstorage,aarch64-darwin
347209893,python313Packages.kbcstorage,aarch64-linux
347209896,python313Packages.kbcstorage,x86_64-linux
347209936,python313Packages.kestra,aarch64-darwin
347209937,python313Packages.kestra,aarch64-linux
347209935,python313Packages.kestra,x86_64-linux
347210017,python313Packages.kmock,aarch64-darwin
347210052,python313Packages.kopf,aarch64-linux
347210057,python313Packages.kopf,x86_64-linux
347210064,python313Packages.kotsu,aarch64-darwin
347210066,python313Packages.kotsu,x86_64-linux
347210093,python313Packages.kuzu,aarch64-linux
347210094,python313Packages.kuzu,x86_64-linux
347210130,python313Packages.lancedb,aarch64-darwin
347210282,python313Packages.latexify-py,aarch64-darwin
347210284,python313Packages.latexify-py,aarch64-linux
347210283,python313Packages.latexify-py,x86_64-linux
347210451,python313Packages.libbs,aarch64-darwin
347210452,python313Packages.libbs,aarch64-linux
347210472,python313Packages.libbs,x86_64-linux
347210632,python313Packages.libxc,aarch64-darwin
347210634,python313Packages.libxc,aarch64-linux
347210635,python313Packages.libxc,x86_64-linux
347210683,python313Packages.lifx-async,aarch64-linux
347210728,python313Packages.line-profiler,aarch64-darwin
347210729,python313Packages.line-profiler,aarch64-linux
347210730,python313Packages.line-profiler,x86_64-linux
347210736,python313Packages.linearmodels,aarch64-darwin
347210737,python313Packages.linearmodels,x86_64-linux
347210764,python313Packages.linode-api,aarch64-darwin
347210766,python313Packages.linode-api,aarch64-linux
347210767,python313Packages.linode-api,x86_64-linux
347211391,python313Packages.mallard-ducktype,aarch64-darwin
347211392,python313Packages.mallard-ducktype,aarch64-linux
347211394,python313Packages.mallard-ducktype,x86_64-linux
347211671,python313Packages.mdtraj,aarch64-darwin
347211674,python313Packages.mdtraj,aarch64-linux
347211676,python313Packages.mdtraj,x86_64-linux
347211762,python313Packages.mergedb,aarch64-darwin
347211764,python313Packages.mergedb,aarch64-linux
347211766,python313Packages.mergedb,x86_64-linux
347211981,python313Packages.mir-eval,aarch64-darwin
347211982,python313Packages.mir-eval,aarch64-linux
347211984,python313Packages.mir-eval,x86_64-linux
347212044,python313Packages.mkdocs-autolinks-plugin,aarch64-darwin
347212046,python313Packages.mkdocs-autolinks-plugin,aarch64-linux
347212048,python313Packages.mkdocs-autolinks-plugin,x86_64-linux
347212152,python313Packages.mkdocs-simple-blog,aarch64-darwin
347212153,python313Packages.mkdocs-simple-blog,aarch64-linux
347212154,python313Packages.mkdocs-simple-blog,x86_64-linux
347212210,python313Packages.mlxtend,aarch64-darwin
347212213,python313Packages.mlxtend,x86_64-linux
347212355,python313Packages.monosat,aarch64-darwin
347212408,python313Packages.motmetrics,aarch64-darwin
347212407,python313Packages.motmetrics,aarch64-linux
347212410,python313Packages.motmetrics,x86_64-linux
347794525,python313Packages.mpv,aarch64-darwin
347212495,python313Packages.mrsqm,aarch64-darwin
347212498,python313Packages.mrsqm,x86_64-linux
347213829,python313Packages.nanomsg-python,aarch64-darwin
347213830,python313Packages.nanomsg-python,aarch64-linux
347213831,python313Packages.nanomsg-python,x86_64-linux
347214125,python313Packages.niaarm,aarch64-darwin
347214113,python313Packages.niaarm,x86_64-linux
347214235,python313Packages.noaa-coops,aarch64-darwin
347214236,python313Packages.noaa-coops,aarch64-linux
347214239,python313Packages.noaa-coops,x86_64-linux
347214366,python313Packages.nuclear,aarch64-darwin
347214367,python313Packages.nuclear,aarch64-linux
347214368,python313Packages.nuclear,x86_64-linux
347214407,python313Packages.numkong,aarch64-linux
347214414,python313Packages.numpy-groupies,aarch64-darwin
347214419,python313Packages.numpy-groupies,aarch64-linux
347214416,python313Packages.numpy-groupies,x86_64-linux
347214761,python313Packages.openai-agents,aarch64-darwin
347214760,python313Packages.openai-agents,aarch64-linux
347214758,python313Packages.openai-agents,x86_64-linux
347214791,python313Packages.openbabel,aarch64-linux
347214808,python313Packages.opencensus-ext-azure,aarch64-darwin
347214809,python313Packages.opencensus-ext-azure,aarch64-linux
347214807,python313Packages.opencensus-ext-azure,x86_64-linux
347215039,python313Packages.opendal,aarch64-darwin
347215078,python313Packages.opendal,aarch64-linux
347215044,python313Packages.opendal,x86_64-linux
347214902,python313Packages.openslide,aarch64-darwin
347214907,python313Packages.openslide,aarch64-linux
347214906,python313Packages.openslide,x86_64-linux
347214990,python313Packages.opentelemetry-instrumentation-system-metrics,aarch64-darwin
347215003,python313Packages.opentelemetry-propagator-aws-xray,aarch64-darwin
347215005,python313Packages.opentelemetry-propagator-aws-xray,aarch64-linux
347215004,python313Packages.opentelemetry-propagator-aws-xray,x86_64-linux
347215079,python313Packages.optiland,aarch64-darwin
347215101,python313Packages.optiland,aarch64-linux
347215108,python313Packages.opytimark,x86_64-linux
347215391,python313Packages.paddlepaddle,aarch64-linux
347215428,python313Packages.panphon,aarch64-darwin
347215430,python313Packages.panphon,aarch64-linux
347215429,python313Packages.panphon,x86_64-linux
347215521,python313Packages.parsnip,aarch64-darwin
347215518,python313Packages.parsnip,aarch64-linux
347215515,python313Packages.parsnip,x86_64-linux
347215609,python313Packages.pbar,aarch64-darwin
347215611,python313Packages.pbar,aarch64-linux
347215612,python313Packages.pbar,x86_64-linux
347215865,python313Packages.pgsanity,aarch64-darwin
347215866,python313Packages.pgsanity,aarch64-linux
347215867,python313Packages.pgsanity,x86_64-linux
347215884,python313Packages.phe,aarch64-darwin
347215882,python313Packages.phe,aarch64-linux
347215886,python313Packages.phe,x86_64-linux
347829555,python313Packages.phonopy,aarch64-darwin
347215919,python313Packages.phx-class-registry,aarch64-darwin
347215921,python313Packages.phx-class-registry,aarch64-linux
347215922,python313Packages.phx-class-registry,x86_64-linux
347215991,python313Packages.pillowfight,aarch64-darwin
347215992,python313Packages.pillowfight,aarch64-linux
347215993,python313Packages.pillowfight,x86_64-linux
347216018,python313Packages.pint-pandas,aarch64-darwin
347216020,python313Packages.pint-pandas,aarch64-linux
347216022,python313Packages.pint-pandas,x86_64-linux
347216077,python313Packages.piper-phonemize,aarch64-darwin
347216123,python313Packages.planetary-computer,aarch64-darwin
347216124,python313Packages.planetary-computer,aarch64-linux
347216127,python313Packages.planetary-computer,x86_64-linux
347216286,python313Packages.pmdarima,aarch64-darwin
347216290,python313Packages.pmdarima,x86_64-linux
347216459,python313Packages.ppscore,aarch64-darwin
347216461,python313Packages.ppscore,x86_64-linux
347216630,python313Packages.property-cached,aarch64-darwin
347216631,python313Packages.property-cached,aarch64-linux
347216632,python313Packages.property-cached,x86_64-linux
347216641,python313Packages.prosemirror,aarch64-darwin
347216645,python313Packages.prosemirror,aarch64-linux
347216644,python313Packages.prosemirror,x86_64-linux
347460121,python313Packages.proton-core,aarch64-darwin
347216791,python313Packages.pulsar-client,aarch64-darwin
347216792,python313Packages.pulsar-client,aarch64-linux
347216787,python313Packages.pulsar-client,x86_64-linux
347216842,python313Packages.pvlib,aarch64-darwin
347216843,python313Packages.pvlib,aarch64-linux
347216845,python313Packages.pvlib,x86_64-linux
347216899,python313Packages.py-cpuinfo2,aarch64-darwin
347217128,python313Packages.pyamg,aarch64-darwin
347217285,python313Packages.pybloomfilter3,aarch64-darwin
347217286,python313Packages.pybloomfilter3,aarch64-linux
347217287,python313Packages.pybloomfilter3,x86_64-linux
347217505,python313Packages.pycsdr,aarch64-linux
347217506,python313Packages.pycsdr,x86_64-linux
347217522,python313Packages.pycxx,aarch64-darwin
347217523,python313Packages.pycxx,aarch64-linux
347217524,python313Packages.pycxx,x86_64-linux
347217585,python313Packages.pydantic-zarr,aarch64-darwin
347217581,python313Packages.pydantic-zarr,x86_64-linux
347217645,python313Packages.pydiffx,aarch64-darwin
347217647,python313Packages.pydiffx,aarch64-linux
347217646,python313Packages.pydiffx,x86_64-linux
347217738,python313Packages.pyeclib,aarch64-darwin
347217806,python313Packages.pyephember2,aarch64-darwin
347217807,python313Packages.pyephember2,aarch64-linux
347217808,python313Packages.pyephember2,x86_64-linux
347217872,python313Packages.pyfcm,aarch64-darwin
347217875,python313Packages.pyfcm,aarch64-linux
347217874,python313Packages.pyfcm,x86_64-linux
347218137,python313Packages.pyheos,aarch64-linux
347218250,python313Packages.pyirishrail,aarch64-darwin
347218248,python313Packages.pyirishrail,aarch64-linux
347218249,python313Packages.pyirishrail,x86_64-linux
347218265,python313Packages.pyitachip2ir,aarch64-darwin
347218320,python313Packages.pykdtree,aarch64-linux
347218441,python313Packages.pylibjpeg-rle,aarch64-darwin
347460139,python313Packages.pylsl,aarch64-darwin
347218779,python313Packages.pynest2d,aarch64-linux
347218780,python313Packages.pynest2d,x86_64-linux
347218993,python313Packages.pyoxipng,x86_64-linux
347791959,python313Packages.pypdf,aarch64-linux
347219191,python313Packages.pyqt3d,aarch64-darwin
347219190,python313Packages.pyqt3d,aarch64-linux
347219214,python313Packages.pyqt3d,x86_64-linux
347219263,python313Packages.pyramid-exclog,aarch64-darwin
347219268,python313Packages.pyramid-exclog,aarch64-linux
347219269,python313Packages.pyramid-exclog,x86_64-linux
347219282,python313Packages.pyramid-multiauth,aarch64-darwin
347219293,python313Packages.pyramid-multiauth,aarch64-linux
347219294,python313Packages.pyramid-multiauth,x86_64-linux
347219576,python313Packages.pyslurm,aarch64-linux
347219577,python313Packages.pyslurm,x86_64-linux
347219590,python313Packages.pysmart,aarch64-darwin
347219593,python313Packages.pysmart,aarch64-linux
347219591,python313Packages.pysmart,x86_64-linux
347219609,python313Packages.pysmbc,aarch64-darwin
347220007,python313Packages.pytest-harvest,aarch64-darwin
347220009,python313Packages.pytest-harvest,aarch64-linux
347220010,python313Packages.pytest-harvest,x86_64-linux
347220202,python313Packages.pytest-selenium,aarch64-darwin
347220204,python313Packages.pytest-selenium,aarch64-linux
347220203,python313Packages.pytest-selenium,x86_64-linux
347220418,python313Packages.python-constraint,aarch64-darwin
347220419,python313Packages.python-constraint,aarch64-linux
347220420,python313Packages.python-constraint,x86_64-linux
347220507,python313Packages.python-etherscan-api,aarch64-darwin
347220508,python313Packages.python-etherscan-api,aarch64-linux
347220509,python313Packages.python-etherscan-api,x86_64-linux
347220542,python313Packages.python-fx,aarch64-linux
347810076,python313Packages.python-ldap,aarch64-darwin
347810074,python313Packages.python-ldap,aarch64-linux
347220846,python313Packages.python-prctl,aarch64-linux
347804847,python313Packages.python-redis-lock,aarch64-darwin
347220865,python313Packages.python-registry,aarch64-darwin
347220866,python313Packages.python-registry,aarch64-linux
347220867,python313Packages.python-registry,x86_64-linux
347220969,python313Packages.python-tsp,aarch64-darwin
347220971,python313Packages.python-tsp,aarch64-linux
347220970,python313Packages.python-tsp,x86_64-linux
347221248,python313Packages.pytorch-pfn-extras,aarch64-linux
347221187,python313Packages.pytorch-pfn-extras,x86_64-linux
347221210,python313Packages.pyttsx3,aarch64-darwin
347221335,python313Packages.pyvo,aarch64-darwin
347221344,python313Packages.pyvo,aarch64-linux
347221337,python313Packages.pyvo,x86_64-linux
347221382,python313Packages.pywebview,aarch64-darwin
347221555,python313Packages.qiskit,aarch64-darwin
347221554,python313Packages.qiskit,aarch64-linux
347221557,python313Packages.qiskit,x86_64-linux
347221634,python313Packages.quantulum3,aarch64-darwin
347221635,python313Packages.quantulum3,x86_64-linux
347221647,python313Packages.qudida,aarch64-darwin
347221651,python313Packages.qudida,x86_64-linux
347221726,python313Packages.rapidgzip,x86_64-linux
347221750,python313Packages.ratarmountcore,aarch64-darwin
347221755,python313Packages.ratarmountcore,aarch64-linux
347221773,python313Packages.raylib,aarch64-darwin
347221811,python313Packages.rds2py,aarch64-darwin
347221841,python313Packages.real-ladybug,aarch64-linux
347221843,python313Packages.real-ladybug,x86_64-linux
347221861,python313Packages.recline,aarch64-darwin
347221859,python313Packages.recline,aarch64-linux
347221860,python313Packages.recline,x86_64-linux
347221896,python313Packages.recordlinkage,aarch64-darwin
347221899,python313Packages.recordlinkage,x86_64-linux
347222027,python313Packages.repoze-who,aarch64-darwin
347222028,python313Packages.repoze-who,aarch64-linux
347222029,python313Packages.repoze-who,x86_64-linux
347460165,python313Packages.requests-ratelimiter,aarch64-darwin
347222118,python313Packages.requirements-detector,aarch64-darwin
347222120,python313Packages.requirements-detector,aarch64-linux
347222121,python313Packages.requirements-detector,x86_64-linux
347222349,python313Packages.rmsd,aarch64-linux
347222348,python313Packages.rmsd,x86_64-linux
347222663,python313Packages.s3torchconnectorclient,aarch64-linux
347222667,python313Packages.s3torchconnectorclient,x86_64-linux
347222712,python313Packages.saiph,aarch64-darwin
347222715,python313Packages.saiph,x86_64-linux
347222822,python313Packages.scantree,aarch64-darwin
347222895,python313Packages.scikit-rf,aarch64-darwin
347222896,python313Packages.scikit-rf,aarch64-linux
347222897,python313Packages.scikit-rf,x86_64-linux
347223092,python313Packages.semgrep,aarch64-darwin
347223093,python313Packages.semgrep,aarch64-linux
347223100,python313Packages.semgrep,x86_64-linux
347223111,python313Packages.sendspin,aarch64-linux
347223105,python313Packages.sendspin,x86_64-linux
347223228,python313Packages.setuptools-odoo,aarch64-darwin
347223231,python313Packages.setuptools-odoo,aarch64-linux
347223229,python313Packages.setuptools-odoo,x86_64-linux
347223288,python313Packages.sharp-aquos-rc,aarch64-darwin
347223291,python313Packages.sharp-aquos-rc,aarch64-linux
347223293,python313Packages.sharp-aquos-rc,x86_64-linux
347223350,python313Packages.signalrcore,aarch64-darwin
347223351,python313Packages.signalrcore,aarch64-linux
347223352,python313Packages.signalrcore,x86_64-linux
347223421,python313Packages.silver-platter,aarch64-darwin
347223418,python313Packages.silver-platter,aarch64-linux
347223414,python313Packages.silver-platter,x86_64-linux
347223528,python313Packages.siuba,aarch64-darwin
347223529,python313Packages.siuba,aarch64-linux
347223530,python313Packages.siuba,x86_64-linux
347223861,python313Packages.solidpython2,aarch64-darwin
347223915,python313Packages.sourmash,aarch64-darwin
347223909,python313Packages.sourmash,aarch64-linux
347223917,python313Packages.sourmash,x86_64-linux
347224002,python313Packages.spectral-cube,aarch64-darwin
347224005,python313Packages.spectral-cube,aarch64-linux
347224008,python313Packages.spectral-cube,x86_64-linux
347224047,python313Packages.sphinx-automodapi,aarch64-darwin
347224049,python313Packages.sphinx-automodapi,aarch64-linux
347224054,python313Packages.sphinx-automodapi,x86_64-linux
347224515,python313Packages.ssort,aarch64-darwin
347224518,python313Packages.ssort,aarch64-linux
347224519,python313Packages.ssort,x86_64-linux
347224529,python313Packages.stac-validator,aarch64-darwin
347224530,python313Packages.stac-validator,aarch64-linux
347224531,python313Packages.stac-validator,x86_64-linux
347224725,python313Packages.stockfish,aarch64-linux
347224743,python313Packages.stp,aarch64-darwin
347224875,python313Packages.stups-zign,aarch64-darwin
347224874,python313Packages.stups-zign,aarch64-linux
347224876,python313Packages.stups-zign,x86_64-linux
347224879,python313Packages.stytra,aarch64-darwin
347224877,python313Packages.stytra,aarch64-linux
347224884,python313Packages.stytra,x86_64-linux
347224897,python313Packages.succulent,aarch64-darwin
347224899,python313Packages.succulent,aarch64-linux
347224898,python313Packages.succulent,x86_64-linux
347224917,python313Packages.sunpy,aarch64-darwin
347224918,python313Packages.sunpy,aarch64-linux
347224919,python313Packages.sunpy,x86_64-linux
347804885,python313Packages.swh-storage,aarch64-linux
347225041,python313Packages.swi-tools,aarch64-darwin
347225040,python313Packages.swi-tools,aarch64-linux
347225042,python313Packages.swi-tools,x86_64-linux
347225085,python313Packages.synchronicity,aarch64-linux
347225236,python313Packages.tcxparser,aarch64-darwin
347225238,python313Packages.tcxparser,aarch64-linux
347225240,python313Packages.tcxparser,x86_64-linux
347829578,python313Packages.tinygrad,aarch64-darwin
347829577,python313Packages.tinygrad,x86_64-linux
347225763,python313Packages.toggl-cli,aarch64-darwin
347225764,python313Packages.toggl-cli,aarch64-linux
347225765,python313Packages.toggl-cli,x86_64-linux
347225834,python313Packages.torch-checkpointing,aarch64-darwin
347836387,python313Packages.torchWithRocm,x86_64-linux
347226033,python313Packages.torchao,aarch64-darwin
347225889,python313Packages.torchdata,aarch64-darwin
347225982,python313Packages.trackpy,aarch64-darwin
347225984,python313Packages.trackpy,x86_64-linux
347227118,python313Packages.trino-python-client,aarch64-darwin
347227119,python313Packages.trino-python-client,aarch64-linux
347227124,python313Packages.trino-python-client,x86_64-linux
347227181,python313Packages.tsfresh,aarch64-darwin
347227183,python313Packages.tsfresh,x86_64-linux
347227367,python313Packages.type-infer,aarch64-darwin
347227343,python313Packages.type-infer,aarch64-linux
347227355,python313Packages.type-infer,x86_64-linux
347228483,python313Packages.types-dateutil,aarch64-darwin
347228487,python313Packages.types-dateutil,aarch64-linux
347228488,python313Packages.types-dateutil,x86_64-linux
347228626,python313Packages.typing-validation,aarch64-darwin
347228627,python313Packages.typing-validation,aarch64-linux
347228629,python313Packages.typing-validation,x86_64-linux
347228760,python313Packages.ultralytics,aarch64-darwin
347228816,python313Packages.unicorn-angr,aarch64-linux
347228819,python313Packages.unicorn-angr,x86_64-linux
347228893,python313Packages.upass,aarch64-darwin
347228897,python313Packages.upass,aarch64-linux
347228898,python313Packages.upass,x86_64-linux
347229008,python313Packages.usbrelay-py,aarch64-linux
347229010,python313Packages.usbrelay-py,x86_64-linux
347229062,python313Packages.uvicorn-worker,aarch64-linux
347812343,python313Packages.vega,aarch64-darwin
347812342,python313Packages.vega,x86_64-linux
347229248,python313Packages.vina,aarch64-darwin
347229244,python313Packages.vina,aarch64-linux
347229249,python313Packages.vina,x86_64-linux
347836390,python313Packages.viser,aarch64-darwin
347229299,python313Packages.vnoise,aarch64-darwin
347229300,python313Packages.vnoise,aarch64-linux
347229301,python313Packages.vnoise,x86_64-linux
347229335,python313Packages.vowpalwabbit,aarch64-darwin
347229340,python313Packages.vprof,aarch64-darwin
347229339,python313Packages.vprof,aarch64-linux
347229342,python313Packages.vprof,x86_64-linux
347229343,python313Packages.vsts,aarch64-darwin
347229344,python313Packages.vsts,aarch64-linux
347229345,python313Packages.vsts,x86_64-linux
347229372,python313Packages.vyper,aarch64-darwin
347229377,python313Packages.vyper,aarch64-linux
347229374,python313Packages.vyper,x86_64-linux
347229632,python313Packages.wgpu-py,aarch64-darwin
347229634,python313Packages.wgpu-py,aarch64-linux
347229640,python313Packages.wgpu-py,x86_64-linux
347229807,python313Packages.ws4py,aarch64-darwin
347229913,python313Packages.xdis,aarch64-darwin
347229915,python313Packages.xdis,aarch64-linux
347229917,python313Packages.xdis,x86_64-linux
347230002,python313Packages.xnatpy,aarch64-darwin
347230010,python313Packages.xnatpy,aarch64-linux
347230007,python313Packages.xnatpy,x86_64-linux
347230019,python313Packages.xrootd,aarch64-darwin
347230021,python313Packages.xrootd,aarch64-linux
347230023,python313Packages.xrootd,x86_64-linux
347230059,python313Packages.xtensor-python,aarch64-linux
347230060,python313Packages.xtensor-python,x86_64-linux
347804927,python313Packages.yalexs,aarch64-darwin
347804928,python313Packages.yalexs,aarch64-linux
347804929,python313Packages.yalexs,x86_64-linux
347230133,python313Packages.yargy,aarch64-darwin
347230135,python313Packages.yargy,aarch64-linux
347230136,python313Packages.yargy,x86_64-linux
347230159,python313Packages.ydata-profiling,aarch64-darwin
347230156,python313Packages.ydata-profiling,aarch64-linux
347230155,python313Packages.ydata-profiling,x86_64-linux
347230265,python313Packages.zc-buildout,aarch64-darwin
347230266,python313Packages.zc-buildout,aarch64-linux
347230267,python313Packages.zc-buildout,x86_64-linux
347230270,python313Packages.zcbor,aarch64-darwin
347230273,python313Packages.zcbor,aarch64-linux
347230274,python313Packages.zcbor,x86_64-linux
347230460,python313Packages.zulip-emoji-mapping,aarch64-darwin
347230462,python313Packages.zulip-emoji-mapping,aarch64-linux
347230463,python313Packages.zulip-emoji-mapping,x86_64-linux
347231030,python314Packages.aiohttp-client-cache,aarch64-darwin
347231028,python314Packages.aiohttp-client-cache,aarch64-linux
347230962,python314Packages.aiohttp-client-cache,x86_64-linux
347230953,python314Packages.aiohttp-remotes,aarch64-darwin
347230954,python314Packages.aiohttp-remotes,aarch64-linux
347230957,python314Packages.aiohttp-remotes,x86_64-linux
347231018,python314Packages.aiokef,aarch64-darwin
347231021,python314Packages.aiokef,aarch64-linux
347231022,python314Packages.aiokef,x86_64-linux
347231247,python314Packages.aiosonic,aarch64-darwin
347231310,python314Packages.aiovban-pyaudio,aarch64-darwin
347231321,python314Packages.aiovban-pyaudio,aarch64-linux
347231304,python314Packages.aiovban-pyaudio,x86_64-linux
347232260,python314Packages.allure-pytest,aarch64-darwin
347232261,python314Packages.allure-pytest,aarch64-linux
347232263,python314Packages.allure-pytest,x86_64-linux
347232270,python314Packages.allure-python-commons-test,aarch64-darwin
347232273,python314Packages.allure-python-commons-test,aarch64-linux
347232271,python314Packages.allure-python-commons-test,x86_64-linux
347836408,python314Packages.alphashape,aarch64-darwin
347232304,python314Packages.amazon-ion,aarch64-darwin
347830584,python314Packages.angr,aarch64-darwin
347830589,python314Packages.angr,aarch64-linux
347830586,python314Packages.angr,x86_64-linux
347232365,python314Packages.anki-mac-helper,aarch64-darwin
347232471,python314Packages.aocd,aarch64-darwin
347232472,python314Packages.aocd,aarch64-linux
347232478,python314Packages.aocd,x86_64-linux
347232641,python314Packages.arelle-headless,aarch64-darwin
347232654,python314Packages.arelle-headless,aarch64-linux
347232669,python314Packages.arelle-headless,x86_64-linux
347232652,python314Packages.arelle,aarch64-darwin
347232642,python314Packages.arelle,aarch64-linux
347232668,python314Packages.arelle,x86_64-linux
347232845,python314Packages.astropy-helpers,aarch64-darwin
347232846,python314Packages.astropy-helpers,aarch64-linux
347232847,python314Packages.astropy-helpers,x86_64-linux
347830599,python314Packages.atopile,aarch64-linux
347830600,python314Packages.atopile,x86_64-linux
347233048,python314Packages.authcaptureproxy,aarch64-darwin
347233050,python314Packages.authcaptureproxy,aarch64-linux
347233051,python314Packages.authcaptureproxy,x86_64-linux
347812386,python314Packages.bayesian-optimization,aarch64-darwin
347233787,python314Packages.bayespy,aarch64-darwin
347233789,python314Packages.bayespy,aarch64-linux
347233790,python314Packages.bayespy,x86_64-linux
347233791,python314Packages.bbox,aarch64-darwin
347233792,python314Packages.bbox,aarch64-linux
347233793,python314Packages.bbox,x86_64-linux
347233869,python314Packages.beanhub-cli,aarch64-darwin
347233858,python314Packages.beanhub-cli,aarch64-linux
347233868,python314Packages.beanhub-cli,x86_64-linux
347234096,python314Packages.bizkaibus,aarch64-darwin
347234098,python314Packages.bizkaibus,aarch64-linux
347234097,python314Packages.bizkaibus,x86_64-linux
347234119,python314Packages.blastdns,aarch64-darwin
347234288,python314Packages.borb,aarch64-darwin
347234284,python314Packages.borb,aarch64-linux
347234287,python314Packages.borb,x86_64-linux
347234381,python314Packages.brian2,aarch64-darwin
347234380,python314Packages.brian2,aarch64-linux
347234382,python314Packages.brian2,x86_64-linux
347234403,python314Packages.brotli-asgi,aarch64-darwin
347234398,python314Packages.brotli-asgi,aarch64-linux
347234405,python314Packages.brotli-asgi,x86_64-linux
347234613,python314Packages.canopen,aarch64-darwin
347234630,python314Packages.capstone_4,aarch64-darwin
347234628,python314Packages.capstone_4,aarch64-linux
347234629,python314Packages.capstone_4,x86_64-linux
347234698,python314Packages.category-encoders,aarch64-darwin
347234699,python314Packages.category-encoders,x86_64-linux
347234747,python314Packages.cement,aarch64-linux
347234746,python314Packages.cement,x86_64-linux
347234760,python314Packages.cert-chain-resolver,aarch64-darwin
347234761,python314Packages.cert-chain-resolver,aarch64-linux
347234762,python314Packages.cert-chain-resolver,x86_64-linux
347234840,python314Packages.cgal,aarch64-linux
347234837,python314Packages.cgal,x86_64-linux
347234923,python314Packages.chirpstack-api,aarch64-darwin
347234921,python314Packages.chirpstack-api,aarch64-linux
347234922,python314Packages.chirpstack-api,x86_64-linux
347234943,python314Packages.cinemagoer,aarch64-darwin
347234944,python314Packages.cinemagoer,aarch64-linux
347234945,python314Packages.cinemagoer,x86_64-linux
347235005,python314Packages.class-doc,aarch64-darwin
347235006,python314Packages.class-doc,aarch64-linux
347235011,python314Packages.class-doc,x86_64-linux
347235137,python314Packages.clip,aarch64-darwin
347235143,python314Packages.clip,aarch64-linux
347235142,python314Packages.clip,x86_64-linux
347235182,python314Packages.clx-sdk-xms,aarch64-darwin
347235184,python314Packages.clx-sdk-xms,aarch64-linux
347235186,python314Packages.clx-sdk-xms,x86_64-linux
347235297,python314Packages.colcon-argcomplete,aarch64-darwin
347235295,python314Packages.colcon-argcomplete,aarch64-linux
347235296,python314Packages.colcon-argcomplete,x86_64-linux
347235578,python314Packages.compressed-tensors,aarch64-darwin
347235588,python314Packages.confight,aarch64-darwin
347235589,python314Packages.confight,aarch64-linux
347235586,python314Packages.confight,x86_64-linux
347235609,python314Packages.connect-box,aarch64-darwin
347235613,python314Packages.connect-box,aarch64-linux
347235614,python314Packages.connect-box,x86_64-linux
347235628,python314Packages.connexion,aarch64-darwin
347235629,python314Packages.connexion,aarch64-linux
347235630,python314Packages.connexion,x86_64-linux
347235741,python314Packages.cornice,aarch64-darwin
347235740,python314Packages.cornice,aarch64-linux
347235742,python314Packages.cornice,x86_64-linux
347792082,python314Packages.credsweeper,aarch64-linux
347236048,python314Packages.cx-freeze,aarch64-linux
347236160,python314Packages.dartsim,aarch64-linux
347236154,python314Packages.dartsim,x86_64-linux
347236198,python314Packages.dask-ml,aarch64-darwin
347236201,python314Packages.dask-ml,x86_64-linux
347236220,python314Packages.dataclass-csv,aarch64-darwin
347236221,python314Packages.dataclass-csv,aarch64-linux
347236222,python314Packages.dataclass-csv,x86_64-linux
347847831,python314Packages.datalad-next,aarch64-darwin
347847835,python314Packages.datalad-next,aarch64-linux
347847834,python314Packages.datalad-next,x86_64-linux
347236284,python314Packages.datashader,aarch64-darwin
347236287,python314Packages.datashader,x86_64-linux
347236286,python314Packages.datashaper,aarch64-darwin
347236288,python314Packages.datashaper,aarch64-linux
347236289,python314Packages.datashaper,x86_64-linux
347236336,python314Packages.dbt-common,aarch64-darwin
347236338,python314Packages.dbt-common,aarch64-linux
347236340,python314Packages.dbt-common,x86_64-linux
347236429,python314Packages.deebot-client,aarch64-darwin
347812422,python314Packages.deepspeed,aarch64-darwin
347236462,python314Packages.deepwave,x86_64-linux
347236505,python314Packages.deform,aarch64-darwin
347236485,python314Packages.deform,aarch64-linux
347236504,python314Packages.deform,x86_64-linux
347236488,python314Packages.deid,aarch64-darwin
347236508,python314Packages.deltalake,aarch64-darwin
347805005,python314Packages.devpi-server,aarch64-linux
347236623,python314Packages.dicomweb-client,aarch64-darwin
347236720,python314Packages.disnake,aarch64-darwin
347236724,python314Packages.disnake,aarch64-linux
347236722,python314Packages.disnake,x86_64-linux
347236988,python314Packages.django-currentuser,aarch64-darwin
347236990,python314Packages.django-currentuser,aarch64-linux
347236989,python314Packages.django-currentuser,x86_64-linux
347805059,python314Packages.django-q2,aarch64-darwin
347805038,python314Packages.django-q2,aarch64-linux
347237476,python314Packages.djvulibre-python,aarch64-darwin
347237484,python314Packages.dlib,aarch64-darwin
347237722,python314Packages.dragonfly,aarch64-linux
347237720,python314Packages.dragonfly,x86_64-linux
347805076,python314Packages.dspy,aarch64-darwin
347805073,python314Packages.dspy,aarch64-linux
347237831,python314Packages.dtschema,aarch64-linux
347237833,python314Packages.dtschema,x86_64-linux
347237845,python314Packages.duct-py,aarch64-darwin
347237846,python314Packages.duct-py,aarch64-linux
347237847,python314Packages.duct-py,x86_64-linux
347238061,python314Packages.effect,aarch64-darwin
347238062,python314Packages.effect,aarch64-linux
347238063,python314Packages.effect,x86_64-linux
347238119,python314Packages.elastic-apm,aarch64-darwin
347238116,python314Packages.elastic-apm,aarch64-linux
347238123,python314Packages.elastic-apm,x86_64-linux
347238176,python314Packages.emborg,aarch64-darwin
347238188,python314Packages.emborg,aarch64-linux
347238186,python314Packages.emborg,x86_64-linux
347238334,python314Packages.es-client,aarch64-darwin
347238340,python314Packages.es-client,aarch64-linux
347238339,python314Packages.es-client,x86_64-linux
347238526,python314Packages.exiv2,aarch64-darwin
347238533,python314Packages.expiring-dict,aarch64-darwin
347238616,python314Packages.facenet-pytorch,aarch64-darwin
347238621,python314Packages.facenet-pytorch,aarch64-linux
347238618,python314Packages.facenet-pytorch,x86_64-linux
347238652,python314Packages.falconpy,aarch64-darwin
347238653,python314Packages.falconpy,aarch64-linux
347238651,python314Packages.falconpy,x86_64-linux
347238707,python314Packages.fastapi-versionizer,aarch64-darwin
347238708,python314Packages.fastapi-versionizer,aarch64-linux
347238709,python314Packages.fastapi-versionizer,x86_64-linux
347238712,python314Packages.fastcan,aarch64-darwin
347238719,python314Packages.fastcan,x86_64-linux
347238877,python314Packages.fhir-py,aarch64-darwin
347238876,python314Packages.fhir-py,aarch64-linux
347238878,python314Packages.fhir-py,x86_64-linux
347238921,python314Packages.filterpy,aarch64-darwin
347238988,python314Packages.firedrake,aarch64-linux
347238987,python314Packages.firedrake,x86_64-linux
347239250,python314Packages.flask-versioned,aarch64-darwin
347239251,python314Packages.flask-versioned,aarch64-linux
347239252,python314Packages.flask-versioned,x86_64-linux
347239304,python314Packages.flickrapi,aarch64-darwin
347239305,python314Packages.flickrapi,aarch64-linux
347239306,python314Packages.flickrapi,x86_64-linux
347239325,python314Packages.floret,aarch64-linux
347239327,python314Packages.floret,x86_64-linux
347239611,python314Packages.funsor,aarch64-linux
347239711,python314Packages.gdcm,aarch64-darwin
347239712,python314Packages.gdcm,aarch64-linux
347239723,python314Packages.gdcm,x86_64-linux
347239960,python314Packages.gilknocker,aarch64-linux
347240066,python314Packages.glueviz,aarch64-darwin
347836434,python314Packages.glueviz,aarch64-linux
347836440,python314Packages.glueviz,x86_64-linux
347816852,python314Packages.google-nest-sdm,aarch64-linux
347240442,python314Packages.gradio,aarch64-darwin
347240459,python314Packages.graph-tool,aarch64-darwin
347240475,python314Packages.graphite-web,aarch64-darwin
347240468,python314Packages.graphite-web,aarch64-linux
347240465,python314Packages.graphite-web,x86_64-linux
347240478,python314Packages.graphql-subscription-manager,aarch64-darwin
347240481,python314Packages.graphql-subscription-manager,aarch64-linux
347240480,python314Packages.graphql-subscription-manager,x86_64-linux
347240744,python314Packages.habitipy,aarch64-darwin
347240750,python314Packages.habitipy,aarch64-linux
347240746,python314Packages.habitipy,x86_64-linux
347240912,python314Packages.heatmiserv3,aarch64-darwin
347240913,python314Packages.heatmiserv3,aarch64-linux
347240918,python314Packages.heatmiserv3,x86_64-linux
347240995,python314Packages.hg-git,aarch64-darwin
347240991,python314Packages.hg-git,aarch64-linux
347240992,python314Packages.hg-git,x86_64-linux
347241131,python314Packages.hoomd-blue,aarch64-linux
347241132,python314Packages.hoomd-blue,x86_64-linux
347241931,python314Packages.hydrogram,aarch64-darwin
347241932,python314Packages.hydrogram,aarch64-linux
347241934,python314Packages.hydrogram,x86_64-linux
347241984,python314Packages.i-pi,aarch64-linux
347241985,python314Packages.i-pi,x86_64-linux
347816855,python314Packages.i3ipc,aarch64-darwin
347242117,python314Packages.ignite,aarch64-darwin
347242120,python314Packages.ignite,aarch64-linux
347242119,python314Packages.ignite,x86_64-linux
347242159,python314Packages.imagecorruptions,aarch64-darwin
347242160,python314Packages.imagecorruptions,aarch64-linux
347242161,python314Packages.imagecorruptions,x86_64-linux
347242164,python314Packages.imagededup,aarch64-darwin
347242168,python314Packages.imagededup,x86_64-linux
347242179,python314Packages.imantics,aarch64-darwin
347242183,python314Packages.imantics,aarch64-linux
347242182,python314Packages.imantics,x86_64-linux
347242192,python314Packages.imbalanced-learn,aarch64-darwin
347242193,python314Packages.imbalanced-learn,x86_64-linux
347242396,python314Packages.intensity-normalization,aarch64-darwin
347242397,python314Packages.intensity-normalization,aarch64-linux
347242394,python314Packages.intensity-normalization,x86_64-linux
347242424,python314Packages.invocations,aarch64-darwin
347242425,python314Packages.invocations,aarch64-linux
347242430,python314Packages.invocations,x86_64-linux
347242488,python314Packages.iplotx,aarch64-darwin
347242487,python314Packages.iplotx,x86_64-linux
347242662,python314Packages.iterfzf,aarch64-darwin
347242766,python314Packages.jax-jumpy,aarch64-darwin
347242767,python314Packages.jax-jumpy,aarch64-linux
347242768,python314Packages.jax-jumpy,x86_64-linux
347460299,python314Packages.jh2,aarch64-linux
347242930,python314Packages.json-schema-for-humans,aarch64-darwin
347242932,python314Packages.json-schema-for-humans,aarch64-linux
347242935,python314Packages.json-schema-for-humans,x86_64-linux
347242946,python314Packages.json-tricks,aarch64-darwin
347242947,python314Packages.json-tricks,aarch64-linux
347242948,python314Packages.json-tricks,x86_64-linux
347243325,python314Packages.kbcstorage,aarch64-darwin
347243326,python314Packages.kbcstorage,aarch64-linux
347243327,python314Packages.kbcstorage,x86_64-linux
347243359,python314Packages.kestra,aarch64-linux
347243369,python314Packages.kestra,x86_64-linux
347243442,python314Packages.kmock,aarch64-darwin
347243480,python314Packages.kopf,aarch64-linux
347243485,python314Packages.kopf,x86_64-linux
347243488,python314Packages.kotsu,aarch64-darwin
347243494,python314Packages.kotsu,x86_64-linux
347243520,python314Packages.kuzu,aarch64-linux
347243522,python314Packages.kuzu,x86_64-linux
347243873,python314Packages.libbs,aarch64-darwin
347243876,python314Packages.libbs,aarch64-linux
347243879,python314Packages.libbs,x86_64-linux
347244055,python314Packages.libxc,aarch64-darwin
347244057,python314Packages.libxc,aarch64-linux
347244058,python314Packages.libxc,x86_64-linux
347244154,python314Packages.line-profiler,aarch64-darwin
347244159,python314Packages.line-profiler,aarch64-linux
347244153,python314Packages.line-profiler,x86_64-linux
347244161,python314Packages.linearmodels,aarch64-darwin
347244163,python314Packages.linearmodels,x86_64-linux
347244186,python314Packages.linode-api,aarch64-darwin
347244192,python314Packages.linode-api,aarch64-linux
347244189,python314Packages.linode-api,x86_64-linux
347244813,python314Packages.mallard-ducktype,aarch64-darwin
347244811,python314Packages.mallard-ducktype,aarch64-linux
347244812,python314Packages.mallard-ducktype,x86_64-linux
347245092,python314Packages.mdtraj,aarch64-darwin
347245093,python314Packages.mdtraj,aarch64-linux
347245097,python314Packages.mdtraj,x86_64-linux
347245185,python314Packages.mergedb,aarch64-darwin
347245186,python314Packages.mergedb,aarch64-linux
347245190,python314Packages.mergedb,x86_64-linux
347245402,python314Packages.mir-eval,aarch64-darwin
347245404,python314Packages.mir-eval,aarch64-linux
347245405,python314Packages.mir-eval,x86_64-linux
347245466,python314Packages.mkdocs-autolinks-plugin,aarch64-darwin
347245468,python314Packages.mkdocs-autolinks-plugin,aarch64-linux
347245467,python314Packages.mkdocs-autolinks-plugin,x86_64-linux
347245573,python314Packages.mkdocs-simple-blog,aarch64-darwin
347245574,python314Packages.mkdocs-simple-blog,aarch64-linux
347245575,python314Packages.mkdocs-simple-blog,x86_64-linux
347245631,python314Packages.mlxtend,aarch64-darwin
347245633,python314Packages.mlxtend,x86_64-linux
347245776,python314Packages.monosat,aarch64-darwin
347245827,python314Packages.motmetrics,aarch64-darwin
347245828,python314Packages.motmetrics,aarch64-linux
347245829,python314Packages.motmetrics,x86_64-linux
347794671,python314Packages.mpv,aarch64-darwin
347245917,python314Packages.mrsqm,aarch64-darwin
347245920,python314Packages.mrsqm,x86_64-linux
347246114,python314Packages.mygpoclient,aarch64-linux
347247250,python314Packages.nanomsg-python,aarch64-darwin
347247251,python314Packages.nanomsg-python,aarch64-linux
347247252,python314Packages.nanomsg-python,x86_64-linux
347247399,python314Packages.neoteroi-mkdocs,aarch64-linux
347247530,python314Packages.niaarm,aarch64-darwin
347247532,python314Packages.niaarm,x86_64-linux
347247658,python314Packages.noaa-coops,aarch64-darwin
347247656,python314Packages.noaa-coops,aarch64-linux
347247672,python314Packages.noaa-coops,x86_64-linux
347247789,python314Packages.nuclear,aarch64-darwin
347247788,python314Packages.nuclear,aarch64-linux
347247790,python314Packages.nuclear,x86_64-linux
347247825,python314Packages.numkong,aarch64-linux
347247833,python314Packages.numpy-groupies,aarch64-darwin
347247836,python314Packages.numpy-groupies,aarch64-linux
347247837,python314Packages.numpy-groupies,x86_64-linux
347248172,python314Packages.openai-agents,aarch64-darwin
347248173,python314Packages.openai-agents,aarch64-linux
347248174,python314Packages.openai-agents,x86_64-linux
347248204,python314Packages.openbabel,aarch64-linux
347248228,python314Packages.opencensus-ext-azure,aarch64-darwin
347248225,python314Packages.opencensus-ext-azure,aarch64-linux
347248227,python314Packages.opencensus-ext-azure,x86_64-linux
347248461,python314Packages.opendal,aarch64-darwin
347248579,python314Packages.opendal,aarch64-linux
347248521,python314Packages.opendal,x86_64-linux
347248320,python314Packages.openslide,aarch64-darwin
347248321,python314Packages.openslide,aarch64-linux
347248322,python314Packages.openslide,x86_64-linux
347248410,python314Packages.opentelemetry-instrumentation-system-metrics,aarch64-darwin
347248420,python314Packages.opentelemetry-propagator-aws-xray,aarch64-darwin
347248421,python314Packages.opentelemetry-propagator-aws-xray,aarch64-linux
347248422,python314Packages.opentelemetry-propagator-aws-xray,x86_64-linux
347248497,python314Packages.optiland,aarch64-darwin
347248528,python314Packages.optiland,aarch64-linux
347248526,python314Packages.opytimark,x86_64-linux
347248836,python314Packages.panphon,aarch64-darwin
347248837,python314Packages.panphon,aarch64-linux
347248838,python314Packages.panphon,x86_64-linux
347248920,python314Packages.parsnip,aarch64-darwin
347248921,python314Packages.parsnip,aarch64-linux
347248922,python314Packages.parsnip,x86_64-linux
347249018,python314Packages.pbar,aarch64-darwin
347249020,python314Packages.pbar,aarch64-linux
347249019,python314Packages.pbar,x86_64-linux
347249275,python314Packages.pgsanity,aarch64-darwin
347249277,python314Packages.pgsanity,aarch64-linux
347249276,python314Packages.pgsanity,x86_64-linux
347249290,python314Packages.phe,aarch64-darwin
347249291,python314Packages.phe,aarch64-linux
347249297,python314Packages.phe,x86_64-linux
347830665,python314Packages.phonopy,aarch64-darwin
347249330,python314Packages.phx-class-registry,aarch64-darwin
347249329,python314Packages.phx-class-registry,aarch64-linux
347249331,python314Packages.phx-class-registry,x86_64-linux
347249403,python314Packages.pillowfight,aarch64-darwin
347249406,python314Packages.pillowfight,aarch64-linux
347249404,python314Packages.pillowfight,x86_64-linux
347249427,python314Packages.pint-pandas,aarch64-darwin
347249429,python314Packages.pint-pandas,aarch64-linux
347249430,python314Packages.pint-pandas,x86_64-linux
347249478,python314Packages.piper-phonemize,aarch64-darwin
347249528,python314Packages.planetary-computer,aarch64-darwin
347249529,python314Packages.planetary-computer,aarch64-linux
347249531,python314Packages.planetary-computer,x86_64-linux
347249661,python314Packages.plum-py,aarch64-darwin
347249662,python314Packages.plum-py,aarch64-linux
347249665,python314Packages.plum-py,x86_64-linux
347249693,python314Packages.pmdarima,aarch64-darwin
347249692,python314Packages.pmdarima,x86_64-linux
347249864,python314Packages.ppscore,aarch64-darwin
347249866,python314Packages.ppscore,x86_64-linux
347250034,python314Packages.property-cached,aarch64-darwin
347250035,python314Packages.property-cached,aarch64-linux
347250036,python314Packages.property-cached,x86_64-linux
347250045,python314Packages.prosemirror,aarch64-darwin
347250047,python314Packages.prosemirror,aarch64-linux
347250046,python314Packages.prosemirror,x86_64-linux
347460349,python314Packages.proton-core,aarch64-darwin
347250193,python314Packages.pulsar-client,aarch64-darwin
347250192,python314Packages.pulsar-client,aarch64-linux
347250198,python314Packages.pulsar-client,x86_64-linux
347250268,python314Packages.pvlib,aarch64-darwin
347250270,python314Packages.pvlib,aarch64-linux
347250271,python314Packages.pvlib,x86_64-linux
347250325,python314Packages.py-cpuinfo2,aarch64-darwin
347250713,python314Packages.pybloomfilter3,aarch64-darwin
347250714,python314Packages.pybloomfilter3,aarch64-linux
347250715,python314Packages.pybloomfilter3,x86_64-linux
347812650,python314Packages.pycrdt,aarch64-linux
347250934,python314Packages.pycsdr,aarch64-linux
347250935,python314Packages.pycsdr,x86_64-linux
347250952,python314Packages.pycxx,aarch64-darwin
347250950,python314Packages.pycxx,aarch64-linux
347250953,python314Packages.pycxx,x86_64-linux
347251011,python314Packages.pydantic-zarr,aarch64-darwin
347251007,python314Packages.pydantic-zarr,x86_64-linux
347251073,python314Packages.pydiffx,aarch64-darwin
347251072,python314Packages.pydiffx,aarch64-linux
347251074,python314Packages.pydiffx,x86_64-linux
347251161,python314Packages.pyeclib,aarch64-darwin
347251231,python314Packages.pyephember2,aarch64-darwin
347251236,python314Packages.pyephember2,aarch64-linux
347251234,python314Packages.pyephember2,x86_64-linux
347251299,python314Packages.pyfcm,aarch64-darwin
347251301,python314Packages.pyfcm,aarch64-linux
347251300,python314Packages.pyfcm,x86_64-linux
347251671,python314Packages.pyirishrail,aarch64-darwin
347251670,python314Packages.pyirishrail,aarch64-linux
347251673,python314Packages.pyirishrail,x86_64-linux
347251688,python314Packages.pyitachip2ir,aarch64-darwin
347251741,python314Packages.pykdtree,aarch64-linux
347251864,python314Packages.pylibjpeg-rle,aarch64-darwin
347460387,python314Packages.pylsl,aarch64-darwin
347252200,python314Packages.pynest2d,aarch64-linux
347252201,python314Packages.pynest2d,x86_64-linux
347252411,python314Packages.pyoxipng,x86_64-linux
347792237,python314Packages.pypdf,aarch64-linux
347252606,python314Packages.pyqt3d,aarch64-darwin
347252605,python314Packages.pyqt3d,aarch64-linux
347252610,python314Packages.pyqt3d,x86_64-linux
347252682,python314Packages.pyramid-exclog,aarch64-darwin
347252683,python314Packages.pyramid-exclog,aarch64-linux
347252685,python314Packages.pyramid-exclog,x86_64-linux
347252690,python314Packages.pyramid-multiauth,aarch64-darwin
347252693,python314Packages.pyramid-multiauth,aarch64-linux
347252695,python314Packages.pyramid-multiauth,x86_64-linux
347252993,python314Packages.pyslurm,aarch64-linux
347252995,python314Packages.pyslurm,x86_64-linux
347253006,python314Packages.pysmart,aarch64-darwin
347253007,python314Packages.pysmart,aarch64-linux
347253008,python314Packages.pysmart,x86_64-linux
347253024,python314Packages.pysmbc,aarch64-darwin
347253240,python314Packages.pytelegrambotapi,aarch64-darwin
347253428,python314Packages.pytest-harvest,aarch64-darwin
347253427,python314Packages.pytest-harvest,aarch64-linux
347253426,python314Packages.pytest-harvest,x86_64-linux
347253622,python314Packages.pytest-selenium,aarch64-darwin
347253620,python314Packages.pytest-selenium,aarch64-linux
347253623,python314Packages.pytest-selenium,x86_64-linux
347253834,python314Packages.python-constraint,aarch64-darwin
347253835,python314Packages.python-constraint,aarch64-linux
347253837,python314Packages.python-constraint,x86_64-linux
347253926,python314Packages.python-etherscan-api,aarch64-darwin
347253929,python314Packages.python-etherscan-api,aarch64-linux
347253928,python314Packages.python-etherscan-api,x86_64-linux
347253961,python314Packages.python-fx,aarch64-darwin
347253962,python314Packages.python-fx,aarch64-linux
347253964,python314Packages.python-fx,x86_64-linux
347810135,python314Packages.python-ldap,aarch64-darwin
347810133,python314Packages.python-ldap,aarch64-linux
347254269,python314Packages.python-prctl,aarch64-linux
347805331,python314Packages.python-redis-lock,aarch64-darwin
347805326,python314Packages.python-redis-lock,aarch64-linux
347254291,python314Packages.python-registry,aarch64-darwin
347254292,python314Packages.python-registry,aarch64-linux
347254288,python314Packages.python-registry,x86_64-linux
347254390,python314Packages.python-tsp,aarch64-darwin
347254392,python314Packages.python-tsp,aarch64-linux
347254393,python314Packages.python-tsp,x86_64-linux
347254593,python314Packages.pytorch-pfn-extras,aarch64-linux
347254595,python314Packages.pytorch-pfn-extras,x86_64-linux
347254634,python314Packages.pyttsx3,aarch64-darwin
347254752,python314Packages.pyvo,aarch64-darwin
347254759,python314Packages.pyvo,aarch64-linux
347254760,python314Packages.pyvo,x86_64-linux
347254821,python314Packages.pywebview,aarch64-darwin
347254977,python314Packages.qiskit,aarch64-darwin
347254978,python314Packages.qiskit,aarch64-linux
347254980,python314Packages.qiskit,x86_64-linux
347255059,python314Packages.quantulum3,aarch64-darwin
347255057,python314Packages.quantulum3,x86_64-linux
347255070,python314Packages.qudida,aarch64-darwin
347255075,python314Packages.qudida,x86_64-linux
347255149,python314Packages.rapidgzip,x86_64-linux
347255177,python314Packages.ratarmountcore,aarch64-darwin
347255178,python314Packages.ratarmountcore,aarch64-linux
347255196,python314Packages.raylib,aarch64-darwin
347255228,python314Packages.rds2py,aarch64-darwin
347255265,python314Packages.real-ladybug,aarch64-linux
347255267,python314Packages.real-ladybug,x86_64-linux
347255279,python314Packages.recline,aarch64-darwin
347255281,python314Packages.recline,aarch64-linux
347255280,python314Packages.recline,x86_64-linux
347255341,python314Packages.recordlinkage,aarch64-darwin
347255349,python314Packages.recordlinkage,x86_64-linux
347255446,python314Packages.repoze-who,aarch64-darwin
347255447,python314Packages.repoze-who,aarch64-linux
347255448,python314Packages.repoze-who,x86_64-linux
347255540,python314Packages.requirements-detector,aarch64-darwin
347255539,python314Packages.requirements-detector,aarch64-linux
347255542,python314Packages.requirements-detector,x86_64-linux
347255552,python314Packages.rerun-sdk,aarch64-linux
347255763,python314Packages.rmsd,aarch64-linux
347255764,python314Packages.rmsd,x86_64-linux
347256074,python314Packages.s3torchconnectorclient,aarch64-linux
347256076,python314Packages.s3torchconnectorclient,x86_64-linux
347256124,python314Packages.saiph,aarch64-darwin
347256125,python314Packages.saiph,x86_64-linux
347256232,python314Packages.scantree,aarch64-darwin
347256310,python314Packages.scikit-rf,aarch64-darwin
347256313,python314Packages.scikit-rf,aarch64-linux
347256311,python314Packages.scikit-rf,x86_64-linux
347256519,python314Packages.semgrep,aarch64-darwin
347256512,python314Packages.semgrep,aarch64-linux
347256511,python314Packages.semgrep,x86_64-linux
347256513,python314Packages.sendspin,aarch64-linux
347256527,python314Packages.sendspin,x86_64-linux
347256642,python314Packages.setuptools-odoo,aarch64-darwin
347256645,python314Packages.setuptools-odoo,aarch64-linux
347256644,python314Packages.setuptools-odoo,x86_64-linux
347256699,python314Packages.sharp-aquos-rc,aarch64-darwin
347256702,python314Packages.sharp-aquos-rc,aarch64-linux
347256703,python314Packages.sharp-aquos-rc,x86_64-linux
347256759,python314Packages.signalrcore,aarch64-darwin
347256761,python314Packages.signalrcore,aarch64-linux
347256764,python314Packages.signalrcore,x86_64-linux
347256801,python314Packages.silver-platter,aarch64-darwin
347256802,python314Packages.silver-platter,aarch64-linux
347256819,python314Packages.silver-platter,x86_64-linux
347256937,python314Packages.siuba,aarch64-darwin
347256938,python314Packages.siuba,aarch64-linux
347256939,python314Packages.siuba,x86_64-linux
347257189,python314Packages.snowflake-connector-python,aarch64-darwin
347257191,python314Packages.snowflake-connector-python,aarch64-linux
347257196,python314Packages.snowflake-connector-python,x86_64-linux
347257270,python314Packages.solidpython2,aarch64-darwin
347257323,python314Packages.sourmash,aarch64-darwin
347257320,python314Packages.sourmash,aarch64-linux
347257324,python314Packages.sourmash,x86_64-linux
347257407,python314Packages.spectral-cube,aarch64-darwin
347257413,python314Packages.spectral-cube,aarch64-linux
347257420,python314Packages.spectral-cube,x86_64-linux
347257457,python314Packages.sphinx-automodapi,aarch64-darwin
347257459,python314Packages.sphinx-automodapi,aarch64-linux
347257462,python314Packages.sphinx-automodapi,x86_64-linux
347257928,python314Packages.ssort,aarch64-darwin
347257929,python314Packages.ssort,aarch64-linux
347257931,python314Packages.ssort,x86_64-linux
347257938,python314Packages.stac-validator,aarch64-darwin
347257939,python314Packages.stac-validator,aarch64-linux
347257942,python314Packages.stac-validator,x86_64-linux
347258134,python314Packages.stockfish,aarch64-linux
347258151,python314Packages.stp,aarch64-darwin
347258284,python314Packages.stups-zign,aarch64-darwin
347258285,python314Packages.stups-zign,aarch64-linux
347258287,python314Packages.stups-zign,x86_64-linux
347258292,python314Packages.stytra,aarch64-darwin
347258298,python314Packages.stytra,aarch64-linux
347258293,python314Packages.stytra,x86_64-linux
347258305,python314Packages.succulent,aarch64-darwin
347258307,python314Packages.succulent,aarch64-linux
347258308,python314Packages.succulent,x86_64-linux
347258328,python314Packages.sunpy,aarch64-darwin
347258326,python314Packages.sunpy,aarch64-linux
347258331,python314Packages.sunpy,x86_64-linux
347805371,python314Packages.swh-storage,aarch64-linux
347258448,python314Packages.swi-tools,aarch64-darwin
347258450,python314Packages.swi-tools,aarch64-linux
347258451,python314Packages.swi-tools,x86_64-linux
347258503,python314Packages.synchronicity,aarch64-linux
347258646,python314Packages.tcxparser,aarch64-darwin
347258647,python314Packages.tcxparser,aarch64-linux
347258648,python314Packages.tcxparser,x86_64-linux
347830686,python314Packages.tinygrad,aarch64-darwin
347830689,python314Packages.tinygrad,x86_64-linux
347259154,python314Packages.toggl-cli,aarch64-darwin
347259155,python314Packages.toggl-cli,aarch64-linux
347259164,python314Packages.toggl-cli,x86_64-linux
347259177,python314Packages.tololib,aarch64-linux
347259225,python314Packages.torch-checkpointing,aarch64-darwin
347836524,python314Packages.torchWithRocm,x86_64-linux
347259258,python314Packages.torchao,aarch64-darwin
347259280,python314Packages.torchdata,aarch64-darwin
347259367,python314Packages.trackpy,aarch64-darwin
347259369,python314Packages.trackpy,x86_64-linux
347260512,python314Packages.trino-python-client,aarch64-darwin
347260511,python314Packages.trino-python-client,aarch64-linux
347260513,python314Packages.trino-python-client,x86_64-linux
347260564,python314Packages.tsfresh,aarch64-darwin
347260567,python314Packages.tsfresh,x86_64-linux
347260726,python314Packages.type-infer,aarch64-darwin
347260728,python314Packages.type-infer,aarch64-linux
347260732,python314Packages.type-infer,x86_64-linux
347261865,python314Packages.types-dateutil,aarch64-darwin
347261866,python314Packages.types-dateutil,aarch64-linux
347261868,python314Packages.types-dateutil,x86_64-linux
347262005,python314Packages.typing-validation,aarch64-darwin
347262007,python314Packages.typing-validation,aarch64-linux
347262008,python314Packages.typing-validation,x86_64-linux
347262133,python314Packages.ultralytics,aarch64-darwin
347262193,python314Packages.unicorn-angr,aarch64-linux
347262194,python314Packages.unicorn-angr,x86_64-linux
347262273,python314Packages.upass,aarch64-darwin
347262275,python314Packages.upass,aarch64-linux
347262274,python314Packages.upass,x86_64-linux
347262385,python314Packages.usbrelay-py,aarch64-linux
347262389,python314Packages.usbrelay-py,x86_64-linux
347812785,python314Packages.vega,aarch64-darwin
347812788,python314Packages.vega,x86_64-linux
347262618,python314Packages.vina,aarch64-darwin
347262619,python314Packages.vina,aarch64-linux
347262621,python314Packages.vina,x86_64-linux
347262676,python314Packages.vnoise,aarch64-darwin
347262677,python314Packages.vnoise,aarch64-linux
347262678,python314Packages.vnoise,x86_64-linux
347262713,python314Packages.vowpalwabbit,aarch64-darwin
347262714,python314Packages.vprof,aarch64-darwin
347262716,python314Packages.vprof,aarch64-linux
347262717,python314Packages.vprof,x86_64-linux
347262722,python314Packages.vsts,aarch64-darwin
347262721,python314Packages.vsts,aarch64-linux
347262720,python314Packages.vsts,x86_64-linux
347262754,python314Packages.vyper,aarch64-darwin
347262753,python314Packages.vyper,aarch64-linux
347262755,python314Packages.vyper,x86_64-linux
347263020,python314Packages.wgpu-py,aarch64-darwin
347263015,python314Packages.wgpu-py,aarch64-linux
347263021,python314Packages.wgpu-py,x86_64-linux
347263183,python314Packages.ws4py,aarch64-darwin
347817088,python314Packages.xcffib,aarch64-darwin
347263385,python314Packages.xnatpy,aarch64-darwin
347263386,python314Packages.xnatpy,aarch64-linux
347263390,python314Packages.xnatpy,x86_64-linux
347263400,python314Packages.xrootd,aarch64-darwin
347263398,python314Packages.xrootd,aarch64-linux
347263399,python314Packages.xrootd,x86_64-linux
347263439,python314Packages.xtensor-python,aarch64-linux
347263443,python314Packages.xtensor-python,x86_64-linux
347817090,python314Packages.xvfbwrapper,aarch64-darwin
347805409,python314Packages.yalexs,aarch64-darwin
347805411,python314Packages.yalexs,aarch64-linux
347805410,python314Packages.yalexs,x86_64-linux
347263512,python314Packages.yargy,aarch64-darwin
347263516,python314Packages.yargy,aarch64-linux
347263519,python314Packages.yargy,x86_64-linux
347263640,python314Packages.zc-buildout,aarch64-darwin
347263642,python314Packages.zc-buildout,aarch64-linux
347263641,python314Packages.zc-buildout,x86_64-linux
347263648,python314Packages.zcbor,aarch64-darwin
347263649,python314Packages.zcbor,aarch64-linux
347263650,python314Packages.zcbor,x86_64-linux
347263836,python314Packages.zulip-emoji-mapping,aarch64-darwin
347263838,python314Packages.zulip-emoji-mapping,aarch64-linux
347263837,python314Packages.zulip-emoji-mapping,x86_64-linux
347263967,qcm,aarch64-linux
347263968,qcm,x86_64-linux
347264003,qdrant,x86_64-linux
347264015,qemu-python-utils,aarch64-darwin
347264048,qgroundcontrol,aarch64-linux
347264049,qgroundcontrol,x86_64-linux
347264087,qlever,aarch64-linux
347264088,qlever,x86_64-linux
347264110,qmasterpassword-wayland,aarch64-linux
347264112,qmasterpassword-wayland,x86_64-linux
347264108,qmasterpassword,aarch64-linux
347264109,qmasterpassword,x86_64-linux
347264114,qmic,aarch64-darwin
347264180,qpid-cpp,aarch64-linux
347264182,qpid-cpp,x86_64-linux
347264247,qstopmotion,aarch64-linux
347264249,qstopmotion,x86_64-linux
347264557,qt6Packages.maplibre-native-qt,aarch64-linux
347264558,qt6Packages.maplibre-native-qt,x86_64-linux
347264862,quassel,aarch64-darwin
347264863,quasselClient,aarch64-darwin
347264866,quasselDaemon,aarch64-darwin
347264895,qui,aarch64-darwin
347264937,quill,aarch64-linux
347264938,quill,x86_64-linux
347264988,qxmledit,aarch64-linux
347264989,qxmledit,x86_64-linux
347265073,radian,aarch64-linux
347265065,radicle-artifact,aarch64-linux
347265200,rapidgzip,x86_64-linux
347265213,rappel,aarch64-linux
347265222,rarezip,aarch64-darwin
347265327,raylib-games,aarch64-darwin
347836554,rbdoom-3-bfg,aarch64-linux
347836556,rbdoom-3-bfg,x86_64-linux
347265419,rdpgw,aarch64-darwin
347265531,reaper-reapack-extension,aarch64-linux
347265534,reaper-reapack-extension,x86_64-linux
347265530,reaper-sws-extension,aarch64-darwin
347265536,reaper-sws-extension,aarch64-linux
347265535,reaper-sws-extension,x86_64-linux
347265569,recode,aarch64-darwin
347265663,redo-apenwarr,aarch64-darwin
347265736,regbot,aarch64-darwin
347265737,regbot,aarch64-linux
347265738,regbot,x86_64-linux
347265739,regclient,aarch64-darwin
347265740,regclient,aarch64-linux
347265744,regclient,x86_64-linux
347265741,regctl,aarch64-darwin
347265742,regctl,aarch64-linux
347265745,regctl,x86_64-linux
347265792,regsync,aarch64-darwin
347265794,regsync,aarch64-linux
347265796,regsync,x86_64-linux
347794798,reindeer,aarch64-darwin
347265826,remarkable-toolchain,x86_64-linux
347265828,remarkable2-toolchain,x86_64-linux
347817143,renpy,aarch64-darwin
347265955,reproxy,aarch64-linux
347266048,retdec,x86_64-linux
347266055,rethinkdb,aarch64-linux
347266057,rethinkdb,x86_64-linux
347266141,rfc-bibtex,aarch64-darwin
347266142,rfc-bibtex,aarch64-linux
347266143,rfc-bibtex,x86_64-linux
347266189,rhvoice,aarch64-darwin
347266346,river-bedload,aarch64-linux
347266348,river-bedload,x86_64-linux
347266385,rkdeveloptool-pine64,aarch64-darwin
347267084,rojo,aarch64-linux
347267238,rp,aarch64-linux
347812835,rstudio-server,aarch64-linux
347812829,rstudio-server,x86_64-linux
347836616,rstudio,aarch64-linux
347836618,rstudio,x86_64-linux
347267484,rtl_wmbus,aarch64-darwin
347268816,rubyPackages.zookeeper,aarch64-linux
347268817,rubyPackages.zookeeper,x86_64-linux
347270083,rubyPackages_3_3.zookeeper,aarch64-linux
347270082,rubyPackages_3_3.zookeeper,x86_64-linux
347271353,rubyPackages_3_4.zookeeper,aarch64-linux
347271354,rubyPackages_3_4.zookeeper,x86_64-linux
347272619,rubyPackages_4_0.zookeeper,aarch64-linux
347272620,rubyPackages_4_0.zookeeper,x86_64-linux
347272690,runitor,aarch64-linux
347272771,rust-paddle-ocr,aarch64-linux
347272772,rust-paddle-ocr,x86_64-linux
347272843,rustical,aarch64-linux
347272972,rxvt-unicode-unwrapped-emoji,aarch64-linux
347272973,rxvt-unicode-unwrapped-emoji,x86_64-linux
347272970,rxvt-unicode-unwrapped,aarch64-linux
347272971,rxvt-unicode-unwrapped,x86_64-linux
347273027,s3fs,aarch64-darwin
347831684,sail-riscv,aarch64-darwin
347273176,salut,aarch64-linux
347273177,salut,x86_64-linux
347273189,samba4Full,aarch64-darwin
347273193,sambaFull,aarch64-darwin
347273221,samplicator,aarch64-darwin
347273305,satdump,aarch64-linux
347273619,sbclPackages.cl-gtk2-glib,aarch64-darwin
347273620,sbclPackages.cl-gtk2-glib,aarch64-linux
347273645,sbclPackages.cl-gtk4_dot_webkit,aarch64-linux
347273639,sbclPackages.cl-gtk4_dot_webkit,x86_64-linux
347273688,sbclPackages.cl-notify,aarch64-darwin
347274359,sbclPackages.qt-libs,aarch64-darwin
347274360,sbclPackages.qt-libs,aarch64-linux
347274361,sbclPackages.qt-libs,x86_64-linux
347817181,scantpaper,x86_64-linux
347274766,scd2html,aarch64-linux
347274767,scd2html,x86_64-linux
347274817,schemes,x86_64-linux
347817202,schildi-revenge,aarch64-linux
347275212,see-cat,aarch64-linux
347275214,see-cat,x86_64-linux
347275239,selfci,aarch64-darwin
347275313,semgrep,aarch64-darwin
347275317,semgrep,aarch64-linux
347275314,semgrep,x86_64-linux
347275532,sfcgal,aarch64-darwin
347275533,sfcgal,aarch64-linux
347275534,sfcgal,x86_64-linux
347275597,sgx-psw,x86_64-linux
347275628,shadershark,aarch64-linux
347275629,shadershark,x86_64-linux
347275638,shadowsocks-libev,aarch64-linux
347275640,shadowsocks-libev,x86_64-linux
347275661,shaka-packager,aarch64-darwin
347275662,shaka-packager,aarch64-linux
347275663,shaka-packager,x86_64-linux
347275913,shrinkray,aarch64-linux
347275960,sif,aarch64-darwin
347460461,signalbackup-tools,aarch64-darwin
347817209,sioyek,aarch64-darwin
347276766,snagboot,aarch64-linux
347276767,snagboot,x86_64-linux
347276830,snid,aarch64-darwin
347276895,snort,aarch64-linux
347276897,snort,x86_64-linux
347460477,snouty,aarch64-linux
347277058,solana-agave,aarch64-darwin
347277144,sonobus,aarch64-linux
347277145,sonobus,x86_64-linux
347277190,sosreport,aarch64-linux
347277189,sosreport,x86_64-linux
347277213,soundconverter,aarch64-linux
347277214,soundconverter,x86_64-linux
347277321,spades,aarch64-darwin
347277427,speech-denoiser,x86_64-linux
347277431,speech-tools,aarch64-linux
347277432,speech-tools,x86_64-linux
347277479,spglib,aarch64-darwin
347277627,spoofdpi,aarch64-darwin
347277991,sshd-openpgp-auth,aarch64-darwin
347277992,sshd-openpgp-auth,aarch64-linux
347277993,sshd-openpgp-auth,x86_64-linux
347278201,stardust-xr-flatland,aarch64-darwin
347278384,steghide,aarch64-darwin
347278408,stellar-core,aarch64-linux
347278409,stellar-core,x86_64-linux
347836673,stoat-desktop,aarch64-darwin
347278493,stog,aarch64-darwin
347278501,stoolap,aarch64-linux
347278502,stoolap,x86_64-linux
347278528,stp,aarch64-darwin
347278571,strfry,aarch64-linux
347278573,strfry,x86_64-linux
347278598,stripe-cli,aarch64-linux
347278815,sunshine,aarch64-darwin
347278893,supertuxkart-server,aarch64-darwin
347278925,surge-xt,aarch64-linux
347279126,swaymux,aarch64-linux
347279125,swaymux,x86_64-linux
347279152,swc,aarch64-linux
347279153,swc,x86_64-linux
347279303,swiftshader,aarch64-linux
347279304,swiftshader,x86_64-linux
347794837,switchfin,aarch64-darwin
347279584,syzkaller,aarch64-darwin
347848162,t3code,aarch64-darwin
347279898,task-master-ai,aarch64-linux
347279899,task-master-ai,x86_64-linux
347279983,tblite,aarch64-linux
347279981,tblite,x86_64-linux
347279986,tboot,x86_64-linux
347280166,tcl9Packages.tclx,aarch64-darwin
347280167,tcl9Packages.tclx,aarch64-linux
347280168,tcl9Packages.tclx,x86_64-linux
347280232,tcptrack,aarch64-linux
347280233,tcptrack,x86_64-linux
347280348,telemt,aarch64-linux
347280387,televido,aarch64-linux
347280388,televido,x86_64-linux
347792483,terraform-providers.cloudflare_cloudflare,aarch64-darwin
347280746,terraform-providers.cloudposse_utils,aarch64-darwin
347280947,terraform-providers.kreuzwerker_docker,aarch64-darwin
347281496,tests.auto-patchelf-structured-log,aarch64-darwin
347281498,tests.auto-patchelf-structured-log,aarch64-linux
347281502,tests.build-environment-info,aarch64-darwin
347281499,tests.build-environment-info,aarch64-linux
347281500,tests.build-environment-info,x86_64-linux
347281662,tests.cc-multilib-clang,x86_64-linux
347281663,tests.cc-wrapper.default,aarch64-darwin
347281714,tests.cc-wrapper.gccTests.gccMultiStdenv,x86_64-linux
347281686,tests.cc-wrapper.llvmTests.llvmPackages.clang,aarch64-darwin
347281690,tests.cc-wrapper.llvmTests.llvmPackages_18.clang,aarch64-linux
347281688,tests.cc-wrapper.llvmTests.llvmPackages_18.clang,x86_64-linux
347281696,tests.cc-wrapper.llvmTests.llvmPackages_19.clang,aarch64-darwin
347281698,tests.cc-wrapper.llvmTests.llvmPackages_19.libcxx,aarch64-darwin
347281717,tests.cc-wrapper.llvmTests.llvmPackages_20.clang,aarch64-darwin
347281706,tests.cc-wrapper.llvmTests.llvmPackages_21.clang,aarch64-darwin
347281720,tests.cc-wrapper.llvmTests.llvmPackages_22.clang,aarch64-darwin
347281724,tests.cc-wrapper.llvmTests.llvmPackages_23.clang,aarch64-darwin
347282402,tests.hardeningFlags-gcc.fortify3ExplicitEnabledExecTest,aarch64-darwin
347282473,tests.hardeningFlags-gcc.sfa1explicitEnabledExecTest,aarch64-darwin
347282479,tests.hardeningFlags-gcc.sfa3StdenvUnsuppDoesntUnsuppSfa1ExecTest,aarch64-darwin
347282487,tests.hardeningFlags-gcc.sfa3explicitDisabledDoesntDisableSfa1ExecTest,aarch64-darwin
347282496,tests.hardeningFlags-gcc.sfa3explicitEnabledProtectsDefLen1ExecTest,aarch64-darwin
347282676,tests.home-assistant-components.anthropic,aarch64-linux
347282679,tests.home-assistant-components.anthropic,x86_64-linux
347282729,tests.home-assistant-components.aws_s3,aarch64-linux
347282733,tests.home-assistant-components.aws_s3,x86_64-linux
347282856,tests.home-assistant-components.cloudflare_r2,aarch64-linux
347282852,tests.home-assistant-components.cloudflare_r2,x86_64-linux
347282875,tests.home-assistant-components.conversation,aarch64-linux
347282877,tests.home-assistant-components.conversation,x86_64-linux
347282997,tests.home-assistant-components.easyenergy,aarch64-linux
347283001,tests.home-assistant-components.easyenergy,x86_64-linux
347283058,tests.home-assistant-components.energyzero,aarch64-linux
347283059,tests.home-assistant-components.energyzero,x86_64-linux
347283465,tests.home-assistant-components.idrive_e2,aarch64-linux
347283454,tests.home-assistant-components.idrive_e2,x86_64-linux
347283478,tests.home-assistant-components.imou,aarch64-linux
347283479,tests.home-assistant-components.imou,x86_64-linux
347284419,tests.home-assistant-components.smtp,aarch64-linux
347284420,tests.home-assistant-components.smtp,x86_64-linux
347284430,tests.home-assistant-components.sofar,aarch64-linux
347284434,tests.home-assistant-components.sofar,x86_64-linux
347284889,tests.home-assistant-components.yardian,aarch64-linux
347284890,tests.home-assistant-components.yardian,x86_64-linux
347284893,tests.home-assistant-components.yoto,aarch64-linux
347284896,tests.home-assistant-components.yoto,x86_64-linux
347286000,tests.testers.hasCmakeConfigModules.eigen-does-not-have-eigen,aarch64-darwin
347286059,tests.testers.runCommand.bork,aarch64-darwin
347286072,tests.testers.runCommand.bork,aarch64-linux
347286073,tests.testers.runCommand.bork,x86_64-linux
347817366,tests.texlive.binaries,aarch64-darwin
347817363,tests.texlive.binaries,aarch64-linux
347817358,tests.texlive.binaries,x86_64-linux
347286653,teyjus,aarch64-darwin
347792634,tgrep,aarch64-linux
347287043,timeshift-minimal,aarch64-linux
347287040,timeshift-minimal,x86_64-linux
347287300,tlrender,aarch64-linux
347287282,tlrender,x86_64-linux
347836722,todds,aarch64-linux
347287617,tokscale,aarch64-darwin
347287618,tokscale,aarch64-linux
347287619,tokscale,x86_64-linux
347287805,toxiproxy,aarch64-linux
347287873,tpm2-totp,aarch64-darwin
347460588,tpnote,aarch64-linux
347287904,tracy,aarch64-linux
347287906,tracy,x86_64-linux
347287907,tracy_0_11,aarch64-linux
347287908,tracy_0_11,x86_64-linux
347287909,tracy_0_12,aarch64-linux
347287910,tracy_0_12,x86_64-linux
347287918,tracy_0_13,aarch64-linux
347287916,tracy_0_13,x86_64-linux
347817400,transgui,x86_64-linux
347287961,translatelocally,aarch64-linux
347287962,translatelocally,x86_64-linux
347289212,trinity,aarch64-linux
347289213,trinity,x86_64-linux
347289270,trunk,x86_64-linux
347289301,ts-warp,aarch64-darwin
347289355,tt-metal,aarch64-linux
347289371,tt-metal,x86_64-linux
347289376,tt-umd,aarch64-linux
347289377,tt-umd,x86_64-linux
347792710,tuios,aarch64-linux
347289524,tuir,aarch64-darwin
347289508,tuir,aarch64-linux
347289509,tuir,x86_64-linux
347289546,tuliprox,aarch64-darwin
347289547,tuliprox,aarch64-linux
347289579,turnstile,aarch64-darwin
347792676,ubootBananaPim64,aarch64-linux
347792674,ubootCM3588NAS,aarch64-linux
347792703,ubootNanoPCT6,aarch64-linux
347792672,ubootNanoPiR5S,aarch64-linux
347792678,ubootOlimexA64Olinuxino,aarch64-linux
347792705,ubootOlimexA64Teres1,aarch64-linux
347792681,ubootOrangePi3,aarch64-linux
347792673,ubootOrangePi3B,aarch64-linux
347792709,ubootOrangePi5,aarch64-linux
347792687,ubootOrangePi5Max,aarch64-linux
347792704,ubootOrangePi5Plus,aarch64-linux
347792708,ubootOrangePiZero2,aarch64-linux
347792706,ubootOrangePiZero3,aarch64-linux
347792707,ubootOrangePiZeroPlus2H5,aarch64-linux
347792675,ubootPine64,aarch64-linux
347792677,ubootPine64LTS,aarch64-linux
347792679,ubootPinebook,aarch64-linux
347289905,ubootPythonTools.dtoc,aarch64-darwin
347289904,ubootPythonTools.dtoc,aarch64-linux
347289906,ubootPythonTools.dtoc,x86_64-linux
347792685,ubootQuartz64B,aarch64-linux
347792688,ubootRadxaZero3W,aarch64-linux
347792693,ubootRock3C,aarch64-linux
347792692,ubootRock5ModelB,aarch64-linux
347792694,ubootRock5ModelC,aarch64-linux
347792697,ubootRock64,aarch64-linux
347792695,ubootRock64v2,aarch64-linux
347792696,ubootRockPiE,aarch64-linux
347792700,ubootSopine,aarch64-linux
347792702,ubootTuringRK1,aarch64-linux
347289936,ubridge,aarch64-darwin
347290189,ulfius,aarch64-darwin
347290212,ultralytics,aarch64-darwin
347290607,unsilence,aarch64-darwin
347290608,unsilence,aarch64-linux
347290609,unsilence,x86_64-linux
347290859,usearch,aarch64-linux
347290937,uucp,aarch64-darwin
347291018,uxn11,aarch64-darwin
347291168,vapoursynth-znedi3,aarch64-linux
347291169,vapoursynth-znedi3,x86_64-linux
347291212,vault-tasks,aarch64-darwin
347291213,vault-tasks,aarch64-linux
347291214,vault-tasks,x86_64-linux
347291254,vc4-newlib,aarch64-darwin
347291313,vdmfec,aarch64-darwin
347291446,verilator,aarch64-linux
347291448,verilator,x86_64-linux
347291457,versatiles,aarch64-darwin
347291495,vg,aarch64-linux
347291497,vg,x86_64-linux
347291564,video2x,x86_64-linux
347293048,vivictpp,aarch64-darwin
347293044,vivictpp,aarch64-linux
347293046,vivictpp,x86_64-linux
347293155,vodozemac-bindings-cpp,aarch64-darwin
347293204,vouch-proxy,aarch64-linux
347293207,vowpal-wabbit,aarch64-darwin
347293208,vowpal-wabbit,aarch64-linux
347293209,vowpal-wabbit,x86_64-linux
347293235,vpp,aarch64-linux
347293240,vpp,x86_64-linux
347293236,vprof,aarch64-darwin
347293237,vprof,aarch64-linux
347293239,vprof,x86_64-linux
347293246,vrb,aarch64-linux
347293247,vrb,x86_64-linux
347836756,vtk_9_6,aarch64-darwin
347836757,vtk_9_6,aarch64-linux
347836755,vtk_9_6,x86_64-linux
347294856,vyper,aarch64-darwin
347294855,vyper,aarch64-linux
347294854,vyper,x86_64-linux
347295013,warzone2100,aarch64-linux
347295012,warzone2100,x86_64-linux
347295252,waylock,aarch64-linux
347295272,wayprompt,aarch64-linux
347295274,wayprompt,x86_64-linux
347831860,webdev,aarch64-linux
347831861,webdev,x86_64-linux
347295529,werf,aarch64-darwin
347295607,whale,aarch64-darwin
347295686,whitesur-gtk-theme,aarch64-darwin
347836782,wire-desktop,aarch64-darwin
347817481,wsjtz,aarch64-linux
347817478,wsjtz,x86_64-linux
347296553,wxc,aarch64-darwin
347296603,x11basic,aarch64-linux
347296604,x11basic,x86_64-linux
347296706,xautocfg,aarch64-linux
347296707,xautocfg,x86_64-linux
347296785,xcbuild,aarch64-linux
347296786,xcbuild,x86_64-linux
347296823,xcodebuild,aarch64-linux
347296822,xcodebuild,x86_64-linux
347296847,xcpc,aarch64-linux
347296850,xcpc,x86_64-linux
347296955,xdriinfo,aarch64-darwin
347296995,xephem,aarch64-darwin
347297247,xhosts,aarch64-darwin
347297517,xonotic-dedicated-unwrapped,aarch64-darwin
347297522,xonotic-sdl-unwrapped,aarch64-darwin
347297714,xsnow,aarch64-linux
347297889,yaegi,aarch64-linux
347298067,yap,x86_64-linux
347831877,z3-tptp,aarch64-darwin
347831879,z3-tptp,aarch64-linux
347831878,z3-tptp,x86_64-linux
347298623,zabbix.agent2,aarch64-darwin
347298609,zabbix70.agent2,aarch64-darwin
347298629,zabbix74.agent2,aarch64-darwin
347298680,zat,aarch64-linux
347298681,zat,x86_64-linux
347298743,zcash,aarch64-linux
347298750,zcash,x86_64-linux
347298870,zeroc-ice-cpp11,aarch64-linux
347298871,zeroc-ice-cpp11,x86_64-linux
347298872,zeroc-ice,aarch64-linux
347298875,zeroc-ice,x86_64-linux
347298878,zerofs,aarch64-darwin
347299183,zookeeper_mt,aarch64-darwin
347813052,zotero,aarch64-darwin
347813051,zotero,aarch64-linux
347813048,zotero,x86_64-linux
347299274,zrythm,aarch64-linux
347299257,zrythm,x86_64-linux
347299484,zulip-term,aarch64-darwin
347299483,zulip-term,aarch64-linux
347299486,zulip-term,x86_64-linux
347299459,zxtune,aarch64-linux
347299455,zxtune,x86_64-linux
